0, 34.3009, 132.955, -0, 0, -0, 0
0.001, 34.3008, 132.955, -0.246479, 0.10038, -246.479, 100.38
0.002, 34.3004, 132.955, -0.49296, 0.200759, -246.48, 100.379
0.003, 34.2998, 132.955, -0.739443, 0.301134, -246.483, 100.375
0.004, 34.299, 132.955, -0.985929, 0.401505, -246.487, 100.371
0.005, 34.2978, 132.956, -1.23242, 0.501869, -246.492, 100.364
0.006, 34.2965, 132.956, -1.47892, 0.602225, -246.498, 100.356
0.007, 34.2949, 132.957, -1.72542, 0.702572, -246.506, 100.347
0.008, 34.293, 132.958, -1.97194, 0.802907, -246.514, 100.336
0.009, 34.2909, 132.959, -2.21846, 0.90323, -246.524, 100.323
0.01, 34.2886, 132.96, -2.465, 1.00354, -246.536, 100.309
0.011, 34.286, 132.961, -2.71155, 1.10383, -246.548, 100.293
0.012, 34.2832, 132.962, -2.95811, 1.20411, -246.562, 100.275
0.013, 34.2801, 132.963, -3.20469, 1.30436, -246.577, 100.256
0.014, 34.2768, 132.965, -3.45128, 1.4046, -246.593, 100.235
0.015, 34.2732, 132.966, -3.69789, 1.50481, -246.611, 100.213
0.016, 34.2694, 132.968, -3.94452, 1.605, -246.629, 100.189
0.017, 34.2653, 132.969, -4.19117, 1.70516, -246.649, 100.164
0.018, 34.261, 132.971, -4.43784, 1.8053, -246.671, 100.137
0.019, 34.2564, 132.973, -4.68453, 1.90541, -246.693, 100.108
0.02, 34.2516, 132.975, -4.93125, 2.00549, -246.717, 100.078
0.021, 34.2466, 132.977, -5.17799, 2.10553, -246.742, 100.046
0.022, 34.2413, 132.979, -5.42476, 2.20555, -246.768, 100.013
0.023, 34.2357, 132.981, -5.67155, 2.30552, -246.796, 99.9777
0.024, 34.2299, 132.984, -5.91838, 2.40547, -246.824, 99.9411
0.025, 34.2239, 132.986, -6.16523, 2.50537, -246.854, 99.9029
0.026, 34.2176, 132.989, -6.41212, 2.60523, -246.886, 99.8631
0.027, 34.211, 132.991, -6.65904, 2.70505, -246.918, 99.8217
0.028, 34.2043, 132.994, -6.90599, 2.80483, -246.952, 99.7787
0.029, 34.1972, 132.997, -7.15297, 2.90457, -246.987, 99.7341
0.03, 34.19, 133, -7.4, 3.00425, -247.023, 99.6878
0.031, 34.1824, 133.003, -7.64706, 3.10389, -247.06, 99.64
0.032, 34.1747, 133.006, -7.89416, 3.20348, -247.099, 99.5906
0.033, 34.1666, 133.009, -8.1413, 3.30302, -247.139, 99.5396
0.034, 34.1584, 133.013, -8.38848, 3.40251, -247.18, 99.4869
0.035, 34.1499, 133.016, -8.6357, 3.50194, -247.222, 99.4327
0.036, 34.1411, 133.02, -8.88296, 3.60132, -247.266, 99.3768
0.037, 34.1321, 133.023, -9.13027, 3.70064, -247.311, 99.3193
0.038, 34.1228, 133.027, -9.37763, 3.7999, -247.357, 99.2603
0.039, 34.1133, 133.031, -9.62504, 3.8991, -247.404, 99.1996
0.04, 34.1036, 133.035, -9.87249, 3.99824, -247.453, 99.1373
0.041, 34.0936, 133.039, -10.12, 4.09731, -247.503, 99.0733
0.042, 34.0833, 133.043, -10.3675, 4.19632, -247.554, 99.0078
0.043, 34.0729, 133.047, -10.6152, 4.29526, -247.606, 98.9406
0.044, 34.0621, 133.052, -10.8628, 4.39413, -247.66, 98.8718
0.045, 34.0511, 133.056, -11.1105, 4.49293, -247.714, 98.8014
0.046, 34.0399, 133.061, -11.3583, 4.59166, -247.77, 98.7294
0.047, 34.0284, 133.065, -11.6061, 4.69032, -247.827, 98.6558
0.048, 34.0167, 133.07, -11.854, 4.7889, -247.886, 98.5805
0.049, 34.0047, 133.075, -12.102, 4.8874, -247.945, 98.5036
0.05, 33.9925, 133.08, -12.35, 4.98583, -248.006, 98.4251
0.051, 33.98, 133.085, -12.598, 5.08417, -248.068, 98.3449
0.052, 33.9673, 133.09, -12.8462, 5.18243, -248.132, 98.2631
0.053, 33.9543, 133.095, -13.0944, 5.28061, -248.196, 98.1797
0.054, 33.9411, 133.101, -13.3426, 5.37871, -248.262, 98.0946
0.055, 33.9276, 133.106, -13.5909, 5.47672, -248.329, 98.0079
0.056, 33.9139, 133.111, -13.8393, 5.57464, -248.397, 97.9196
0.057, 33.8999, 133.117, -14.0878, 5.67247, -248.466, 97.8296
0.058, 33.8857, 133.123, -14.3363, 5.7702, -248.537, 97.7379
0.059, 33.8713, 133.129, -14.585, 5.86785, -248.609, 97.6446
0.06, 33.8565, 133.135, -14.8336, 5.9654, -248.682, 97.5497
0.061, 33.8416, 133.141, -15.0824, 6.06285, -248.756, 97.4531
0.062, 33.8264, 133.147, -15.3312, 6.16021, -248.831, 97.3549
0.063, 33.8109, 133.153, -15.5801, 6.25746, -248.908, 97.255
0.064, 33.7952, 133.159, -15.8291, 6.35461, -248.986, 97.1535
0.065, 33.7793, 133.166, -16.0782, 6.45166, -249.065, 97.0503
0.066, 33.7631, 133.172, -16.3273, 6.54861, -249.145, 96.9454
0.067, 33.7466, 133.179, -16.5766, 6.64545, -249.227, 96.8389
0.068, 33.7299, 133.185, -16.8259, 6.74218, -249.309, 96.7307
0.069, 33.7129, 133.192, -17.0753, 6.8388, -249.393, 96.6209
0.07, 33.6957, 133.199, -17.3247, 6.93531, -249.478, 96.5093
0.071, 33.6783, 133.206, -17.5743, 7.03171, -249.564, 96.3961
0.072, 33.6606, 133.213, -17.824, 7.12799, -249.652, 96.2813
0.073, 33.6426, 133.22, -18.0737, 7.22415, -249.74, 96.1647
0.074, 33.6244, 133.228, -18.3235, 7.3202, -249.83, 96.0465
0.075, 33.606, 133.235, -18.5734, 7.41613, -249.921, 95.9266
0.076, 33.5873, 133.242, -18.8235, 7.51193, -250.013, 95.8049
0.077, 33.5683, 133.25, -19.0736, 7.60761, -250.106, 95.6817
0.078, 33.5491, 133.258, -19.3238, 7.70317, -250.201, 95.5567
0.079, 33.5297, 133.265, -19.5741, 7.7986, -250.296, 95.43
0.08, 33.51, 133.273, -19.8245, 7.8939, -250.393, 95.3016
0.081, 33.49, 133.281, -20.0749, 7.98907, -250.491, 95.1716
0.082, 33.4698, 133.289, -20.3255, 8.08411, -250.59, 95.0398
0.083, 33.4494, 133.297, -20.5762, 8.17902, -250.691, 94.9063
0.084, 33.4287, 133.306, -20.827, 8.27379, -250.792, 94.7711
0.085, 33.4077, 133.314, -21.0779, 8.36842, -250.895, 94.6342
0.086, 33.3865, 133.322, -21.3289, 8.46292, -250.998, 94.4956
0.087, 33.3651, 133.331, -21.58, 8.55727, -251.103, 94.3553
0.088, 33.3434, 133.339, -21.8312, 8.65149, -251.209, 94.2132
0.089, 33.3214, 133.348, -22.0825, 8.74556, -251.317, 94.0695
0.09, 33.2992, 133.357, -22.334, 8.83948, -251.425, 93.924
0.091, 33.2767, 133.366, -22.5855, 8.93326, -251.535, 93.7768
0.092, 33.254, 133.375, -22.8371, 9.02689, -251.645, 93.6278
0.093, 33.231, 133.384, -23.0889, 9.12036, -251.757, 93.4771
0.094, 33.2078, 133.393, -23.3408, 9.21369, -251.87, 93.3247
0.095, 33.1844, 133.402, -23.5928, 9.30686, -251.984, 93.1705
0.096, 33.1606, 133.412, -23.8449, 9.39987, -252.099, 93.0146
0.097, 33.1367, 133.421, -24.0971, 9.49273, -252.215, 92.8569
0.098, 33.1124, 133.431, -24.3494, 9.58543, -252.333, 92.6975
0.099, 33.088, 133.44, -24.6019, 9.67796, -252.451, 92.5363
0.1, 33.0632, 133.45, -24.8544, 9.77034, -252.571, 92.3734
0.101, 33.0382, 133.46, -25.1071, 9.86254, -252.692, 92.2087
0.102, 33.013, 133.47, -25.3599, 9.95459, -252.814, 92.0422
0.103, 32.9875, 133.48, -25.6129, 10.0465, -252.937, 91.874
0.104, 32.9618, 133.49, -25.8659, 10.1382, -253.061, 91.704
0.105, 32.9358, 133.5, -26.1191, 10.2297, -253.186, 91.5322
0.106, 32.9095, 133.51, -26.3724, 10.3211, -253.312, 91.3586
0.107, 32.883, 133.521, -26.6259, 10.4122, -253.439, 91.1832
0.108, 32.8563, 133.531, -26.8794, 10.5032, -253.568, 91.0061
0.109, 32.8293, 133.542, -27.1331, 10.5941, -253.697, 90.8272
0.11, 32.802, 133.552, -27.387, 10.6847, -253.828, 90.6464
0.111, 32.7745, 133.563, -27.6409, 10.7752, -253.959, 90.4639
0.112, 32.7467, 133.574, -27.895, 10.8655, -254.092, 90.2795
0.113, 32.7187, 133.585, -28.1492, 10.9556, -254.226, 90.0934
0.114, 32.6904, 133.596, -28.4036, 11.0455, -254.361, 89.9054
0.115, 32.6619, 133.607, -28.6581, 11.1352, -254.497, 89.7156
0.116, 32.6331, 133.618, -28.9127, 11.2247, -254.634, 89.524
0.117, 32.6041, 133.629, -29.1675, 11.314, -254.772, 89.3306
0.118, 32.5748, 133.641, -29.4224, 11.4032, -254.911, 89.1353
0.119, 32.5452, 133.652, -29.6775, 11.4921, -255.051, 88.9383
0.12, 32.5154, 133.664, -29.9327, 11.5808, -255.192, 88.7393
0.121, 32.4853, 133.675, -30.188, 11.6694, -255.334, 88.5385
0.122, 32.455, 133.687, -30.4435, 11.7577, -255.477, 88.3359
0.123, 32.4244, 133.699, -30.6991, 11.8458, -255.621, 88.1314
0.124, 32.3936, 133.711, -30.9548, 11.9338, -255.766, 87.9251
0.125, 32.3625, 133.723, -31.2108, 12.0215, -255.912, 87.7169
0.126, 32.3312, 133.735, -31.4668, 12.109, -256.06, 87.5069
0.127, 32.2996, 133.747, -31.723, 12.1963, -256.208, 87.2949
0.128, 32.2677, 133.759, -31.9794, 12.2834, -256.357, 87.0811
0.129, 32.2356, 133.771, -32.2359, 12.3702, -256.507, 86.8654
0.13, 32.2032, 133.784, -32.4926, 12.4569, -256.658, 86.6479
0.131, 32.1706, 133.796, -32.7494, 12.5433, -256.81, 86.4284
0.132, 32.1377, 133.809, -33.0063, 12.6295, -256.963, 86.2071
0.133, 32.1046, 133.822, -33.2634, 12.7155, -257.117, 85.9838
0.134, 32.0712, 133.834, -33.5207, 12.8013, -257.272, 85.7587
0.135, 32.0376, 133.847, -33.7781, 12.8868, -257.428, 85.5316
0.136, 32.0036, 133.86, -34.0357, 12.9721, -257.585, 85.3026
0.137, 31.9695, 133.873, -34.2935, 13.0572, -257.743, 85.0717
0.138, 31.9351, 133.886, -34.5514, 13.142, -257.902, 84.8389
0.139, 31.9004, 133.9, -34.8094, 13.2266, -258.061, 84.6042
0.14, 31.8654, 133.913, -35.0677, 13.311, -258.222, 84.3675
0.141, 31.8302, 133.926, -35.326, 13.3951, -258.383, 84.1289
0.142, 31.7948, 133.94, -35.5846, 13.479, -258.546, 83.8883
0.143, 31.759, 133.953, -35.8433, 13.5626, -258.709, 83.6458
0.144, 31.7231, 133.967, -36.1022, 13.646, -258.873, 83.4013
0.145, 31.6868, 133.98, -36.3612, 13.7292, -259.038, 83.1549
0.146, 31.6503, 133.994, -36.6204, 13.8121, -259.204, 82.9065
0.147, 31.6136, 134.008, -36.8798, 13.8948, -259.371, 82.6561
0.148, 31.5766, 134.022, -37.1393, 13.9772, -259.539, 82.4038
0.149, 31.5393, 134.036, -37.399, 14.0593, -259.707, 82.1495
0.15, 31.5018, 134.05, -37.6589, 14.1412, -259.877, 81.8932
0.151, 31.464, 134.064, -37.9189, 14.2228, -260.047, 81.6348
0.152, 31.4259, 134.079, -38.1792, 14.3042, -260.218, 81.3745
0.153, 31.3876, 134.093, -38.4396, 14.3853, -260.39, 81.1122
0.154, 31.349, 134.107, -38.7001, 14.4662, -260.562, 80.8479
0.155, 31.3102, 134.122, -38.9609, 14.5468, -260.736, 80.5816
0.156, 31.2711, 134.136, -39.2218, 14.6271, -260.91, 80.3132
0.157, 31.2317, 134.151, -39.4828, 14.7071, -261.085, 80.0428
0.158, 31.1921, 134.166, -39.7441, 14.7869, -261.261, 79.7704
0.159, 31.1523, 134.181, -40.0055, 14.8664, -261.438, 79.4959
0.16, 31.1121, 134.196, -40.2672, 14.9456, -261.615, 79.2194
0.161, 31.0717, 134.211, -40.529, 15.0245, -261.793, 78.9408
0.162, 31.031, 134.226, -40.7909, 15.1032, -261.972, 78.6602
0.163, 30.9901, 134.241, -41.0531, 15.1816, -262.152, 78.3775
0.164, 30.9489, 134.256, -41.3154, 15.2597, -262.332, 78.0928
0.165, 30.9075, 134.271, -41.5779, 15.3375, -262.513, 77.8059
0.166, 30.8658, 134.287, -41.8406, 15.415, -262.695, 77.517
0.167, 30.8238, 134.302, -42.1035, 15.4922, -262.877, 77.226
0.168, 30.7816, 134.318, -42.3666, 15.5692, -263.06, 76.9329
0.169, 30.739, 134.333, -42.6298, 15.6458, -263.244, 76.6377
0.17, 30.6963, 134.349, -42.8932, 15.7221, -263.429, 76.3403
0.171, 30.6533, 134.365, -43.1568, 15.7982, -263.614, 76.0409
0.172, 30.61, 134.381, -43.4206, 15.8739, -263.8, 75.7393
0.173, 30.5664, 134.396, -43.6846, 15.9494, -263.986, 75.4356
0.174, 30.5226, 134.412, -43.9488, 16.0245, -264.173, 75.1298
0.175, 30.4785, 134.429, -44.2132, 16.0993, -264.361, 74.8219
0.176, 30.4341, 134.445, -44.4777, 16.1738, -264.549, 74.5117
0.177, 30.3895, 134.461, -44.7425, 16.248, -264.738, 74.1995
0.178, 30.3447, 134.477, -45.0074, 16.3219, -264.928, 73.885
0.179, 30.2995, 134.494, -45.2725, 16.3955, -265.118, 73.5684
0.18, 30.2541, 134.51, -45.5378, 16.4687, -265.308, 73.2497
0.181, 30.2084, 134.526, -45.8033, 16.5416, -265.499, 72.9287
0.182, 30.1625, 134.543, -46.069, 16.6143, -265.691, 72.6055
0.183, 30.1163, 134.56, -46.3349, 16.6865, -265.883, 72.2802
0.184, 30.0698, 134.576, -46.601, 16.7585, -266.076, 71.9526
0.185, 30.0231, 134.593, -46.8672, 16.8301, -266.269, 71.6229
0.186, 29.9761, 134.61, -47.1337, 16.9014, -266.463, 71.2909
0.187, 29.9288, 134.627, -47.4003, 16.9724, -266.657, 70.9567
0.188, 29.8812, 134.644, -47.6672, 17.043, -266.852, 70.6202
0.189, 29.8334, 134.661, -47.9342, 17.1133, -267.047, 70.2815
0.19, 29.7854, 134.678, -48.2015, 17.1832, -267.242, 69.9406
0.191, 29.737, 134.695, -48.4689, 17.2528, -267.438, 69.5974
0.192, 29.6884, 134.713, -48.7366, 17.322, -267.634, 69.252
0.193, 29.6395, 134.73, -49.0044, 17.391, -267.831, 68.9042
0.194, 29.5904, 134.748, -49.2724, 17.4595, -268.028, 68.5542
0.195, 29.541, 134.765, -49.5406, 17.5277, -268.225, 68.2019
0.196, 29.4913, 134.783, -49.8091, 17.5956, -268.423, 67.8474
0.197, 29.4414, 134.8, -50.0777, 17.663, -268.621, 67.4905
0.198, 29.3911, 134.818, -50.3465, 17.7302, -268.82, 67.1313
0.199, 29.3407, 134.836, -50.6155, 17.7969, -269.018, 66.7698
0.2, 29.2899, 134.854, -50.8847, 17.8634, -269.217, 66.406
0.201, 29.2389, 134.871, -51.1542, 17.9294, -269.417, 66.0398
0.202, 29.1876, 134.889, -51.4238, 17.9951, -269.616, 65.6713
0.203, 29.136, 134.907, -51.6936, 18.0604, -269.816, 65.3005
0.204, 29.0842, 134.926, -51.9636, 18.1253, -270.016, 64.9273
0.205, 29.0321, 134.944, -52.2338, 18.1898, -270.216, 64.5517
0.206, 28.9797, 134.962, -52.5042, 18.254, -270.416, 64.1738
0.207, 28.9271, 134.98, -52.7749, 18.3178, -270.617, 63.7935
0.208, 28.8741, 134.999, -53.0457, 18.3812, -270.818, 63.4108
0.209, 28.821, 135.017, -53.3167, 18.4442, -271.018, 63.0257
0.21, 28.7675, 135.035, -53.5879, 18.5069, -271.219, 62.6382
0.211, 28.7138, 135.054, -53.8593, 18.5691, -271.42, 62.2483
0.212, 28.6598, 135.073, -54.131, 18.631, -271.621, 61.8559
0.213, 28.6055, 135.091, -54.4028, 18.6924, -271.823, 61.4612
0.214, 28.5509, 135.11, -54.6748, 18.7535, -272.024, 61.064
0.215, 28.4961, 135.129, -54.947, 18.8142, -272.225, 60.6643
0.216, 28.441, 135.148, -55.2195, 18.8744, -272.426, 60.2622
0.217, 28.3857, 135.167, -55.4921, 18.9343, -272.628, 59.8577
0.218, 28.33, 135.186, -55.7649, 18.9937, -272.829, 59.4506
0.219, 28.2741, 135.205, -56.0379, 19.0528, -273.03, 59.0411
0.22, 28.218, 135.224, -56.3112, 19.1114, -273.231, 58.6291
0.221, 28.1615, 135.243, -56.5846, 19.1696, -273.432, 58.2146
0.222, 28.1048, 135.262, -56.8582, 19.2274, -273.633, 57.7977
0.223, 28.0478, 135.281, -57.1321, 19.2848, -273.834, 57.3781
0.224, 27.9905, 135.301, -57.4061, 19.3418, -274.034, 56.9561
0.225, 27.9329, 135.32, -57.6803, 19.3983, -274.235, 56.5315
0.226, 27.8751, 135.339, -57.9548, 19.4544, -274.435, 56.1044
0.227, 27.817, 135.359, -58.2294, 19.5101, -274.635, 55.6748
0.228, 27.7587, 135.378, -58.5042, 19.5653, -274.835, 55.2426
0.229, 27.7, 135.398, -58.7793, 19.6201, -275.034, 54.8078
0.23, 27.6411, 135.418, -59.0545, 19.6745, -275.234, 54.3705
0.231, 27.5819, 135.437, -59.3299, 19.7284, -275.432, 53.9305
0.232, 27.5224, 135.457, -59.6056, 19.7819, -275.631, 53.488
0.233, 27.4627, 135.477, -59.8814, 19.835, -275.829, 53.0429
0.234, 27.4026, 135.497, -60.1574, 19.8876, -276.027, 52.5951
0.235, 27.3423, 135.517, -60.4337, 19.9397, -276.225, 52.1448
0.236, 27.2818, 135.537, -60.7101, 19.9914, -276.422, 51.6918
0.237, 27.2209, 135.557, -60.9867, 20.0426, -276.618, 51.2361
0.238, 27.1598, 135.577, -61.2635, 20.0934, -276.814, 50.7778
0.239, 27.0984, 135.597, -61.5405, 20.1437, -277.01, 50.3169
0.24, 27.0367, 135.617, -61.8177, 20.1936, -277.205, 49.8533
0.241, 26.9747, 135.637, -62.0951, 20.243, -277.399, 49.387
0.242, 26.9125, 135.658, -62.3727, 20.2919, -277.593, 48.9181
0.243, 26.8499, 135.678, -62.6505, 20.3403, -277.787, 48.4464
0.244, 26.7872, 135.698, -62.9285, 20.3883, -277.979, 47.972
0.245, 26.7241, 135.719, -63.2067, 20.4358, -278.171, 47.495
0.246, 26.6607, 135.739, -63.485, 20.4828, -278.363, 47.0152
0.247, 26.5971, 135.76, -63.7636, 20.5293, -278.553, 46.5326
0.248, 26.5332, 135.78, -64.0423, 20.5754, -278.743, 46.0474
0.249, 26.469, 135.801, -64.3212, 20.6209, -278.932, 45.5593
0.25, 26.4045, 135.821, -64.6004, 20.666, -279.121, 45.0685
0.251, 26.3398, 135.842, -64.8797, 20.7106, -279.308, 44.575
0.252, 26.2748, 135.863, -65.1592, 20.7547, -279.495, 44.0786
0.253, 26.2094, 135.884, -65.4388, 20.7982, -279.681, 43.5795
0.254, 26.1439, 135.904, -65.7187, 20.8413, -279.866, 43.0776
0.255, 26.078, 135.925, -65.9988, 20.8839, -280.049, 42.5729
0.256, 26.0118, 135.946, -66.279, 20.926, -280.232, 42.0653
0.257, 25.9454, 135.967, -66.5594, 20.9675, -280.414, 41.5549
0.258, 25.8787, 135.988, -66.84, 21.0086, -280.595, 41.0417
0.259, 25.8117, 136.009, -67.1208, 21.0491, -280.775, 40.5256
0.26, 25.7445, 136.03, -67.4017, 21.0891, -280.954, 40.0067
0.261, 25.6769, 136.051, -67.6829, 21.1286, -281.131, 39.4849
0.262, 25.6091, 136.073, -67.9642, 21.1675, -281.308, 38.9602
0.263, 25.541, 136.094, -68.2457, 21.206, -281.483, 38.4327
0.264, 25.4726, 136.115, -68.5273, 21.2439, -281.657, 37.9022
0.265, 25.4039, 136.136, -68.8091, 21.2812, -281.829, 37.3689
0.266, 25.3349, 136.158, -69.0911, 21.3181, -282.001, 36.8326
0.267, 25.2657, 136.179, -69.3733, 21.3544, -282.171, 36.2934
0.268, 25.1962, 136.2, -69.6557, 21.3901, -282.339, 35.7512
0.269, 25.1264, 136.222, -69.9382, 21.4253, -282.507, 35.2061
0.27, 25.0563, 136.243, -70.2208, 21.46, -282.672, 34.6581
0.271, 24.9859, 136.265, -70.5037, 21.4941, -282.837, 34.1071
0.272, 24.9153, 136.286, -70.7867, 21.5276, -283, 33.5531
0.273, 24.8443, 136.308, -71.0698, 21.5606, -283.161, 32.9961
0.274, 24.7731, 136.329, -71.3531, 21.5931, -283.321, 32.4362
0.275, 24.7016, 136.351, -71.6366, 21.6249, -283.479, 31.8732
0.276, 24.6298, 136.373, -71.9203, 21.6563, -283.635, 31.3072
0.277, 24.5577, 136.394, -72.2041, 21.687, -283.79, 30.7382
0.278, 24.4854, 136.416, -72.488, 21.7172, -283.943, 30.1661
0.279, 24.4127, 136.438, -72.7721, 21.7468, -284.094, 29.591
0.28, 24.3398, 136.459, -73.0563, 21.7758, -284.243, 29.0129
0.281, 24.2666, 136.481, -73.3407, 21.8042, -284.39, 28.4316
0.282, 24.1931, 136.503, -73.6253, 21.832, -284.536, 27.8474
0.283, 24.1193, 136.525, -73.9099, 21.8593, -284.68, 27.26
0.284, 24.0453, 136.547, -74.1948, 21.886, -284.821, 26.6695
0.285, 23.9709, 136.569, -74.4797, 21.912, -284.961, 26.0759
0.286, 23.8963, 136.591, -74.7648, 21.9375, -285.098, 25.4792
0.287, 23.8214, 136.613, -75.0501, 21.9624, -285.234, 24.8794
0.288, 23.7462, 136.635, -75.3354, 21.9867, -285.367, 24.2764
0.289, 23.6707, 136.657, -75.6209, 22.0104, -285.498, 23.6703
0.29, 23.5949, 136.679, -75.9065, 22.0334, -285.627, 23.061
0.291, 23.5189, 136.701, -76.1923, 22.0559, -285.753, 22.4486
0.292, 23.4425, 136.723, -76.4782, 22.0777, -285.878, 21.833
0.293, 23.3659, 136.745, -76.7642, 22.0989, -286, 21.2142
0.294, 23.289, 136.767, -77.0503, 22.1195, -286.119, 20.5922
0.295, 23.2118, 136.789, -77.3365, 22.1395, -286.236, 19.967
0.296, 23.1343, 136.811, -77.6229, 22.1588, -286.35, 19.3386
0.297, 23.0565, 136.833, -77.9093, 22.1775, -286.462, 18.707
0.298, 22.9785, 136.856, -78.1959, 22.1956, -286.571, 18.0721
0.299, 22.9001, 136.878, -78.4826, 22.213, -286.678, 17.434
0.3, 22.8215, 136.9, -78.7694, 22.2298, -286.782, 16.7927
0.301, 22.7425, 136.922, -79.0563, 22.246, -286.883, 16.148
0.302, 22.6633, 136.944, -79.3432, 22.2615, -286.981, 15.5001
0.303, 22.5838, 136.967, -79.6303, 22.2763, -287.077, 14.849
0.304, 22.5041, 136.989, -79.9175, 22.2905, -287.17, 14.1945
0.305, 22.424, 137.011, -80.2047, 22.304, -287.259, 13.5367
0.306, 22.3436, 137.034, -80.4921, 22.3169, -287.346, 12.8756
0.307, 22.263, 137.056, -80.7795, 22.3291, -287.429, 12.2112
0.308, 22.182, 137.078, -81.067, 22.3407, -287.51, 11.5434
0.309, 22.1008, 137.101, -81.3546, 22.3515, -287.587, 10.8724
0.31, 22.0193, 137.123, -81.6423, 22.3617, -287.661, 10.1979
0.311, 21.9375, 137.145, -81.93, 22.3713, -287.732, 9.52012
0.312, 21.8554, 137.168, -82.2178, 22.3801, -287.8, 8.83896
0.313, 21.7731, 137.19, -82.5057, 22.3883, -287.864, 8.15441
0.314, 21.6904, 137.213, -82.7936, 22.3957, -287.925, 7.46648
0.315, 21.6075, 137.235, -83.0816, 22.4025, -287.982, 6.77516
0.316, 21.5242, 137.257, -83.3696, 22.4086, -288.036, 6.08042
0.317, 21.4407, 137.28, -83.6577, 22.414, -288.086, 5.38227
0.318, 21.3569, 137.302, -83.9458, 22.4186, -288.132, 4.6807
0.319, 21.2728, 137.325, -84.234, 22.4226, -288.175, 3.9757
0.32, 21.1884, 137.347, -84.5222, 22.4259, -288.214, 3.26725
0.321, 21.1037, 137.37, -84.8105, 22.4284, -288.249, 2.55535
0.322, 21.0188, 137.392, -85.0987, 22.4303, -288.28, 1.83999
0.323, 20.9335, 137.414, -85.3871, 22.4314, -288.308, 1.12116
0.324, 20.848, 137.437, -85.6754, 22.4318, -288.331, 0.39886
0.325, 20.7621, 137.459, -85.9637, 22.4315, -288.35, -0.32693
0.326, 20.676, 137.482, -86.2521, 22.4304, -288.366, -1.05621
0.327, 20.5896, 137.504, -86.5405, 22.4286, -288.377, -1.789
0.328, 20.5029, 137.527, -86.8289, 22.4261, -288.383, -2.5253
0.329, 20.4159, 137.549, -87.1173, 22.4228, -288.386, -3.26512
0.33, 20.3287, 137.571, -87.4056, 22.4188, -288.384, -4.00847
0.331, 20.2411, 137.594, -87.694, 22.4141, -288.378, -4.75535
0.332, 20.1532, 137.616, -87.9824, 22.4086, -288.367, -5.50577
0.333, 20.0651, 137.639, -88.2707, 22.4023, -288.351, -6.25975
0.334, 19.9767, 137.661, -88.5591, 22.3953, -288.331, -7.01729
0.335, 19.888, 137.683, -88.8474, 22.3875, -288.307, -7.7784
0.336, 19.799, 137.706, -89.1356, 22.379, -288.277, -8.54308
0.337, 19.7097, 137.728, -89.4239, 22.3697, -288.243, -9.31135
0.338, 19.6201, 137.751, -89.7121, 22.3596, -288.204, -10.0832
0.339, 19.5302, 137.773, -90.0003, 22.3487, -288.16, -10.8587
0.34, 19.4401, 137.795, -90.2884, 22.3371, -288.111, -11.6377
0.341, 19.3496, 137.818, -90.5764, 22.3247, -288.056, -12.4204
0.342, 19.2589, 137.84, -90.8644, 22.3115, -287.997, -13.2067
0.343, 19.1679, 137.862, -91.1523, 22.2975, -287.933, -13.9966
0.344, 19.0766, 137.885, -91.4402, 22.2827, -287.863, -14.7902
0.345, 18.985, 137.907, -91.728, 22.2671, -287.787, -15.5874
0.346, 18.8931, 137.929, -92.0157, 22.2507, -287.707, -16.3882
0.347, 18.8009, 137.951, -92.3033, 22.2335, -287.621, -17.1927
0.348, 18.7085, 137.974, -92.5909, 22.2155, -287.529, -18.0009
0.349, 18.6157, 137.996, -92.8783, 22.1967, -287.432, -18.8127
0.35, 18.5227, 138.018, -93.1656, 22.1771, -287.329, -19.6282
0.351, 18.4294, 138.04, -93.4528, 22.1566, -287.22, -20.4474
0.352, 18.3357, 138.062, -93.7399, 22.1353, -287.105, -21.2702
0.353, 18.2419, 138.084, -94.0269, 22.1132, -286.985, -22.0968
0.354, 18.1477, 138.107, -94.3138, 22.0903, -286.858, -22.927
0.355, 18.0532, 138.129, -94.6005, 22.0666, -286.725, -23.761
0.356, 17.9584, 138.151, -94.8871, 22.042, -286.587, -24.5986
0.357, 17.8634, 138.173, -95.1735, 22.0165, -286.441, -25.44
0.358, 17.7681, 138.195, -95.4598, 21.9902, -286.29, -26.2851
0.359, 17.6725, 138.217, -95.746, 21.9631, -286.132, -27.1339
0.36, 17.5766, 138.239, -96.0319, 21.9351, -285.968, -27.9864
0.361, 17.4804, 138.261, -96.3177, 21.9063, -285.797, -28.8427
0.362, 17.3839, 138.283, -96.6033, 21.8766, -285.62, -29.7027
0.363, 17.2871, 138.304, -96.8888, 21.846, -285.436, -30.5664
0.364, 17.1901, 138.326, -97.174, 21.8146, -285.245, -31.4339
0.365, 17.0928, 138.348, -97.4591, 21.7823, -285.048, -32.3052
0.366, 16.9951, 138.37, -97.7439, 21.7491, -284.843, -33.1802
0.367, 16.8972, 138.392, -98.0285, 21.715, -284.632, -34.0589
0.368, 16.7991, 138.413, -98.313, 21.6801, -284.413, -34.9414
0.369, 16.7006, 138.435, -98.5971, 21.6442, -284.187, -35.8277
0.37, 16.6018, 138.457, -98.8811, 21.6075, -283.954, -36.7177
0.371, 16.5028, 138.478, -99.1648, 21.5699, -283.714, -37.6115
0.372, 16.4035, 138.5, -99.4483, 21.5314, -283.466, -38.5091
0.373, 16.3039, 138.521, -99.7315, 21.492, -283.211, -39.4104
0.374, 16.204, 138.543, -100.014, 21.4517, -282.949, -40.3155
0.375, 16.1038, 138.564, -100.297, 21.4105, -282.678, -41.2244
0.376, 16.0034, 138.586, -100.58, 21.3683, -282.4, -42.1371
0.377, 15.9026, 138.607, -100.862, 21.3253, -282.114, -43.0535
0.378, 15.8016, 138.628, -101.143, 21.2813, -281.82, -43.9738
0.379, 15.7003, 138.649, -101.425, 21.2364, -281.519, -44.8978
0.38, 15.5988, 138.671, -101.706, 21.1906, -281.209, -45.8256
0.381, 15.4969, 138.692, -101.987, 21.1438, -280.891, -46.7572
0.382, 15.3947, 138.713, -102.268, 21.0961, -280.565, -47.6925
0.383, 15.2923, 138.734, -102.548, 21.0475, -280.23, -48.6317
0.384, 15.1896, 138.755, -102.828, 20.9979, -279.887, -49.5746
0.385, 15.0866, 138.776, -103.107, 20.9474, -279.536, -50.5213
0.386, 14.9834, 138.797, -103.386, 20.8959, -279.176, -51.4719
0.387, 14.8798, 138.818, -103.665, 20.8435, -278.807, -52.4261
0.388, 14.776, 138.839, -103.944, 20.7901, -278.43, -53.3842
0.389, 14.6719, 138.859, -104.222, 20.7358, -278.044, -54.3461
0.39, 14.5676, 138.88, -104.499, 20.6805, -277.649, -55.3117
0.391, 14.4629, 138.901, -104.777, 20.6242, -277.245, -56.2811
0.392, 14.358, 138.921, -105.053, 20.5669, -276.832, -57.2543
0.393, 14.2528, 138.942, -105.33, 20.5087, -276.41, -58.2313
0.394, 14.1473, 138.962, -105.606, 20.4495, -275.978, -59.212
0.395, 14.0415, 138.983, -105.881, 20.3893, -275.537, -60.1965
0.396, 13.9355, 139.003, -106.156, 20.3281, -275.087, -61.1848
0.397, 13.8292, 139.024, -106.431, 20.2659, -274.627, -62.1768
0.398, 13.7226, 139.044, -106.705, 20.2027, -274.158, -63.1726
0.399, 13.6157, 139.064, -106.979, 20.1386, -273.679, -64.1721
0.4, 13.5086, 139.084, -107.252, 20.0734, -273.19, -65.1754
0.401, 13.4012, 139.104, -107.525, 20.0072, -272.691, -66.1824
0.402, 13.2935, 139.124, -107.797, 19.94, -272.182, -67.1932
0.403, 13.1856, 139.144, -108.069, 19.8718, -271.664, -68.2077
0.404, 13.0774, 139.164, -108.34, 19.8026, -271.135, -69.2259
0.405, 12.9689, 139.184, -108.61, 19.7323, -270.596, -70.2479
0.406, 12.8601, 139.203, -108.88, 19.6611, -270.046, -71.2736
0.407, 12.7511, 139.223, -109.15, 19.5888, -269.486, -72.3029
0.408, 12.6418, 139.243, -109.419, 19.5154, -268.916, -73.336
0.409, 12.5322, 139.262, -109.687, 19.4411, -268.335, -74.3728
0.41, 12.4224, 139.281, -109.955, 19.3656, -267.744, -75.4133
0.411, 12.3123, 139.301, -110.222, 19.2892, -267.141, -76.4574
0.412, 12.2019, 139.32, -110.489, 19.2117, -266.528, -77.5053
0.413, 12.0913, 139.339, -110.755, 19.1331, -265.904, -78.5568
0.414, 11.9804, 139.358, -111.02, 19.0535, -265.269, -79.6119
0.415, 11.8692, 139.377, -111.284, 18.9728, -264.623, -80.6707
0.416, 11.7578, 139.396, -111.548, 18.8911, -263.966, -81.7331
0.417, 11.6461, 139.415, -111.812, 18.8083, -263.297, -82.7992
0.418, 11.5341, 139.434, -112.074, 18.7244, -262.617, -83.8688
0.419, 11.4219, 139.453, -112.336, 18.6395, -261.926, -84.9421
0.42, 11.3094, 139.471, -112.597, 18.5535, -261.223, -86.019
0.421, 11.1967, 139.49, -112.858, 18.4664, -260.508, -87.0994
0.422, 11.0837, 139.508, -113.118, 18.3782, -259.782, -88.1834
0.423, 10.9704, 139.526, -113.377, 18.2889, -259.044, -89.271
0.424, 10.8569, 139.545, -113.635, 18.1986, -258.294, -90.3621
0.425, 10.7431, 139.563, -113.893, 18.1071, -257.532, -91.4568
0.426, 10.629, 139.581, -114.149, 18.0146, -256.758, -92.555
0.427, 10.5148, 139.599, -114.405, 17.9209, -255.971, -93.6567
0.428, 10.4002, 139.617, -114.66, 17.8261, -255.173, -94.7618
0.429, 10.2854, 139.635, -114.915, 17.7303, -254.362, -95.8705
0.43, 10.1703, 139.652, -115.168, 17.6333, -253.539, -96.9826
0.431, 10.055, 139.67, -115.421, 17.5352, -252.703, -98.0982
0.432, 9.93947, 139.687, -115.673, 17.436, -251.855, -99.2171
0.433, 9.82365, 139.705, -115.924, 17.3356, -250.994, -100.34
0.434, 9.70758, 139.722, -116.174, 17.2342, -250.121, -101.465
0.435, 9.59127, 139.739, -116.423, 17.1316, -249.234, -102.595
0.436, 9.4747, 139.756, -116.672, 17.0278, -248.335, -103.727
0.437, 9.35789, 139.773, -116.919, 16.923, -247.423, -104.863
0.438, 9.24083, 139.79, -117.166, 16.817, -246.498, -106.002
0.439, 9.12353, 139.807, -117.411, 16.7098, -245.559, -107.145
0.44, 9.00598, 139.824, -117.656, 16.6015, -244.607, -108.291
0.441, 8.88818, 139.84, -117.899, 16.4921, -243.643, -109.44
0.442, 8.77014, 139.857, -118.142, 16.3815, -242.664, -110.592
0.443, 8.65186, 139.873, -118.384, 16.2698, -241.672, -111.747
0.444, 8.53334, 139.889, -118.624, 16.1569, -240.667, -112.906
0.445, 8.41458, 139.905, -118.864, 16.0428, -239.648, -114.068
0.446, 8.29558, 139.921, -119.103, 15.9276, -238.615, -115.233
0.447, 8.17634, 139.937, -119.34, 15.8111, -237.569, -116.402
0.448, 8.05686, 139.953, -119.577, 15.6936, -236.509, -117.573
0.449, 7.93715, 139.969, -119.812, 15.5748, -235.435, -118.747
0.45, 7.8172, 139.984, -120.046, 15.4549, -234.347, -119.925
0.451, 7.69702, 140, -120.28, 15.3338, -233.244, -121.105
0.452, 7.5766, 140.015, -120.512, 15.2115, -232.128, -122.289
0.453, 7.45596, 140.03, -120.743, 15.088, -230.998, -123.476
0.454, 7.33508, 140.045, -120.973, 14.9634, -229.853, -124.665
0.455, 7.21398, 140.06, -121.201, 14.8375, -228.694, -125.858
0.456, 7.09264, 140.075, -121.429, 14.7105, -227.52, -127.053
0.457, 6.97108, 140.089, -121.655, 14.5822, -226.333, -128.251
0.458, 6.84929, 140.104, -121.88, 14.4528, -225.13, -129.453
0.459, 6.72728, 140.118, -122.104, 14.3221, -223.913, -130.657
0.46, 6.60505, 140.133, -122.327, 14.1902, -222.681, -131.863
0.461, 6.48259, 140.147, -122.548, 14.0572, -221.435, -133.073
0.462, 6.35991, 140.161, -122.769, 13.9229, -220.174, -134.285
0.463, 6.23702, 140.174, -122.987, 13.7874, -218.898, -135.5
0.464, 6.1139, 140.188, -123.205, 13.6507, -217.607, -136.718
0.465, 5.99057, 140.202, -123.421, 13.5127, -216.301, -137.938
0.466, 5.86702, 140.215, -123.636, 13.3736, -214.98, -139.161
0.467, 5.74326, 140.229, -123.85, 13.2332, -213.644, -140.387
0.468, 5.61928, 140.242, -124.062, 13.0916, -212.293, -141.615
0.469, 5.4951, 140.255, -124.273, 12.9487, -210.927, -142.846
0.47, 5.3707, 140.268, -124.483, 12.8046, -209.546, -144.079
0.471, 5.24609, 140.28, -124.691, 12.6593, -208.149, -145.314
0.472, 5.12128, 140.293, -124.898, 12.5128, -206.737, -146.553
0.473, 4.99626, 140.305, -125.103, 12.365, -205.31, -147.793
0.474, 4.87103, 140.318, -125.307, 12.2159, -203.867, -149.036
0.475, 4.7456, 140.33, -125.509, 12.0657, -202.409, -150.281
0.476, 4.61997, 140.342, -125.71, 11.9141, -200.935, -151.528
0.477, 4.49415, 140.354, -125.91, 11.7613, -199.446, -152.778
0.478, 4.36812, 140.365, -126.108, 11.6073, -197.941, -154.029
0.479, 4.24189, 140.377, -126.304, 11.452, -196.42, -155.283
0.48, 4.11547, 140.388, -126.499, 11.2955, -194.884, -156.539
0.481, 3.98885, 140.4, -126.692, 11.1377, -193.333, -157.797
0.482, 3.86204, 140.411, -126.884, 10.9786, -191.765, -159.058
0.483, 3.73504, 140.422, -127.074, 10.8183, -190.182, -160.32
0.484, 3.60786, 140.432, -127.263, 10.6567, -188.583, -161.584
0.485, 3.48048, 140.443, -127.45, 10.4939, -186.968, -162.85
0.486, 3.35292, 140.453, -127.635, 10.3298, -185.337, -164.118
0.487, 3.22517, 140.464, -127.819, 10.1644, -183.691, -165.388
0.488, 3.09724, 140.474, -128.001, 9.99772, -182.029, -166.659
0.489, 2.96913, 140.484, -128.181, 9.82979, -180.351, -167.933
0.49, 2.84083, 140.493, -128.36, 9.66058, -178.656, -169.208
0.491, 2.71236, 140.503, -128.537, 9.4901, -176.946, -170.484
0.492, 2.58372, 140.512, -128.712, 9.31834, -175.22, -171.762
0.493, 2.4549, 140.522, -128.885, 9.14529, -173.478, -173.042
0.494, 2.32591, 140.531, -129.057, 8.97097, -171.721, -174.324
0.495, 2.19674, 140.54, -129.227, 8.79536, -169.947, -175.606
0.496, 2.06741, 140.548, -129.395, 8.61847, -168.157, -176.891
0.497, 1.93791, 140.557, -129.562, 8.4403, -166.351, -178.176
0.498, 1.80825, 140.565, -129.726, 8.26083, -164.529, -179.463
0.499, 1.67842, 140.573, -129.889, 8.08008, -162.691, -180.752
0.5, 1.54843, 140.581, -130.05, 7.89804, -160.838, -182.041
0.501, 1.41828, 140.589, -130.209, 7.71471, -158.968, -183.332
0.502, 1.28797, 140.597, -130.366, 7.53009, -157.082, -184.624
0.503, 1.1575, 140.604, -130.521, 7.34417, -155.181, -185.916
0.504, 1.02688, 140.611, -130.674, 7.15696, -153.263, -187.21
0.505, 0.89611, 140.619, -130.825, 6.96845, -151.329, -188.505
0.506, 0.765188, 140.625, -130.975, 6.77865, -149.38, -189.801
0.507, 0.634117, 140.632, -131.122, 6.58756, -147.415, -191.098
0.508, 0.5029, 140.639, -131.268, 6.39516, -145.433, -192.395
0.509, 0.371539, 140.645, -131.411, 6.20147, -143.436, -193.694
0.51, 0.240034, 140.651, -131.553, 6.00647, -141.423, -194.993
0.511, 0.10839, 140.657, -131.692, 5.81018, -139.395, -196.292
0.512, -0.0233932, 140.663, -131.829, 5.61259, -137.35, -197.593
0.513, -0.155313, 140.668, -131.965, 5.4137, -135.29, -198.893
0.514, -0.287366, 140.673, -132.098, 5.2135, -133.214, -200.195
0.515, -0.419552, 140.679, -132.229, 5.012, -131.123, -201.497
0.516, -0.551868, 140.684, -132.358, 4.80921, -129.015, -202.799
0.517, -0.684313, 140.688, -132.485, 4.6051, -126.893, -204.101
0.518, -0.816883, 140.693, -132.61, 4.3997, -124.754, -205.404
0.519, -0.949576, 140.697, -132.732, 4.19299, -122.6, -206.707
0.52, -1.08239, 140.701, -132.853, 3.98498, -120.431, -208.01
0.521, -1.21533, 140.705, -132.971, 3.77567, -118.246, -209.313
0.522, -1.34838, 140.709, -133.087, 3.56505, -116.046, -210.617
0.523, -1.48155, 140.712, -133.201, 3.35313, -113.831, -211.92
0.524, -1.61482, 140.715, -133.312, 3.13991, -111.601, -213.223
0.525, -1.74822, 140.719, -133.422, 2.92538, -109.355, -214.526
0.526, -1.88171, 140.721, -133.529, 2.70955, -107.094, -215.829
0.527, -2.01532, 140.724, -133.634, 2.49242, -104.818, -217.132
0.528, -2.14903, 140.726, -133.736, 2.27399, -102.528, -218.434
0.529, -2.28284, 140.729, -133.836, 2.05425, -100.222, -219.736
0.53, -2.41675, 140.73, -133.934, 1.83322, -97.9017, -221.037
0.531, -2.55075, 140.732, -134.03, 1.61088, -95.5666, -222.338
0.532, -2.68485, 140.734, -134.123, 1.38724, -93.2168, -223.638
0.533, -2.81904, 140.735, -134.214, 1.1623, -90.8525, -224.938
0.534, -2.95332, 140.736, -134.302, 0.936065, -88.4738, -226.237
0.535, -3.08769, 140.737, -134.388, 0.708529, -86.0806, -227.535
0.536, -3.22215, 140.737, -134.472, 0.479696, -83.6732, -228.833
0.537, -3.35669, 140.738, -134.553, 0.249567, -81.2516, -230.129
0.538, -3.4913, 140.738, -134.632, 0.0181417, -78.8159, -231.425
0.539, -3.626, 140.738, -134.709, -0.214578, -76.3663, -232.72
0.54, -3.76077, 140.738, -134.782, -0.448591, -73.9027, -234.013
0.541, -3.89561, 140.737, -134.854, -0.683897, -71.4254, -235.306
0.542, -4.03052, 140.736, -134.923, -0.920494, -68.9344, -236.597
0.543, -4.1655, 140.735, -134.989, -1.15838, -66.4299, -237.887
0.544, -4.30055, 140.734, -135.053, -1.39756, -63.9119, -239.176
0.545, -4.43566, 140.732, -135.115, -1.63802, -61.3806, -240.463
0.546, -4.57082, 140.731, -135.173, -1.87977, -58.8361, -241.748
0.547, -4.70605, 140.729, -135.23, -2.1228, -56.2785, -243.033
0.548, -4.84133, 140.726, -135.283, -2.36712, -53.708, -244.315
0.549, -4.97666, 140.724, -135.335, -2.61271, -51.1247, -245.596
0.55, -5.11205, 140.721, -135.383, -2.85959, -48.5286, -246.876
0.551, -5.24748, 140.718, -135.429, -3.10774, -45.9201, -248.153
0.552, -5.38295, 140.715, -135.472, -3.35717, -43.299, -249.429
0.553, -5.51847, 140.712, -135.513, -3.60787, -40.6658, -250.702
0.554, -5.65403, 140.708, -135.551, -3.85985, -38.0203, -251.974
0.555, -5.78962, 140.704, -135.586, -4.11309, -35.3629, -253.244
0.556, -5.92525, 140.7, -135.619, -4.3676, -32.6937, -254.511
0.557, -6.06091, 140.695, -135.649, -4.62338, -30.0127, -255.776
0.558, -6.1966, 140.69, -135.676, -4.88042, -27.3202, -257.04
0.559, -6.33231, 140.685, -135.701, -5.13872, -24.6164, -258.3
0.56, -6.46805, 140.68, -135.723, -5.39828, -21.9013, -259.559
0.561, -6.6038, 140.675, -135.742, -5.65909, -19.1751, -260.814
0.562, -6.73958, 140.669, -135.758, -5.92116, -16.438, -262.068
0.563, -6.87537, 140.663, -135.772, -6.18448, -13.6902, -263.319
0.564, -7.01117, 140.657, -135.783, -6.44904, -10.9319, -264.567
0.565, -7.14699, 140.65, -135.791, -6.71486, -8.16309, -265.812
0.566, -7.28281, 140.643, -135.797, -6.98191, -5.38411, -267.055
0.567, -7.41863, 140.636, -135.799, -7.2502, -2.59508, -268.295
0.568, -7.55445, 140.629, -135.799, -7.51974, 0.203813, -269.531
0.569, -7.69028, 140.621, -135.796, -7.7905, 3.01239, -270.765
0.57, -7.8261, 140.613, -135.79, -8.0625, 5.83048, -271.996
0.571, -7.96191, 140.605, -135.782, -8.33572, 8.65787, -273.224
0.572, -8.09771, 140.596, -135.77, -8.61017, 11.4944, -274.448
0.573, -8.2335, 140.588, -135.756, -8.88584, 14.3399, -275.67
0.574, -8.36927, 140.579, -135.738, -9.16273, 17.1941, -276.888
0.575, -8.50502, 140.569, -135.718, -9.44083, 20.0568, -278.102
0.576, -8.64076, 140.56, -135.696, -9.72014, 22.9279, -279.313
0.577, -8.77647, 140.55, -135.67, -10.0007, 25.8072, -280.521
0.578, -8.91215, 140.54, -135.641, -10.2824, 28.6944, -281.725
0.579, -9.0478, 140.529, -135.609, -10.5653, 31.5893, -282.926
0.58, -9.18342, 140.519, -135.575, -10.8494, 34.4918, -284.122
0.581, -9.319, 140.508, -135.538, -11.1348, 37.4017, -285.315
0.582, -9.45454, 140.496, -135.497, -11.4213, 40.3186, -286.504
0.583, -9.59005, 140.485, -135.454, -11.7089, 43.2425, -287.69
0.584, -9.7255, 140.473, -135.408, -11.9978, 46.173, -288.871
0.585, -9.86091, 140.461, -135.359, -12.2879, 49.1101, -290.048
0.586, -9.99627, 140.448, -135.307, -12.5791, 52.0533, -291.222
0.587, -10.1316, 140.436, -135.252, -12.8715, 55.0027, -292.391
0.588, -10.2668, 140.423, -135.194, -13.165, 57.9578, -293.556
0.589, -10.402, 140.409, -135.133, -13.4598, 60.9186, -294.716
0.59, -10.5371, 140.396, -135.069, -13.7556, 63.8847, -295.873
0.591, -10.6722, 140.382, -135.002, -14.0526, 66.856, -297.025
0.592, -10.8072, 140.368, -134.932, -14.3508, 69.8322, -298.172
0.593, -10.9421, 140.353, -134.859, -14.6501, 72.813, -299.315
0.594, -11.0769, 140.338, -134.518, -14.921, 341.384, -270.816
0.595, -11.2112, 140.323, -133.988, -15.1697, 529.862, -248.772
0.596, -11.3449, 140.308, -133.458, -15.4168, 529.748, -247.125
0.597, -11.4781, 140.293, -132.929, -15.6623, 529.61, -245.478
0.598, -11.6108, 140.277, -132.399, -15.9062, 529.447, -243.832
0.599, -11.743, 140.261, -131.87, -16.1483, 529.259, -242.187
0.6, -11.8746, 140.245, -131.341, -16.3889, 529.048, -240.543
0.601, -12.0057, 140.228, -130.812, -16.6278, 528.812, -238.9
0.602, -12.1363, 140.211, -130.284, -16.865, 528.553, -237.258
0.603, -12.2663, 140.194, -129.755, -17.1007, 528.271, -235.618
0.604, -12.3959, 140.177, -129.227, -17.3346, 527.965, -233.979
0.605, -12.5249, 140.16, -128.7, -17.567, 527.636, -232.341
0.606, -12.6533, 140.142, -128.172, -17.7977, 527.284, -230.705
0.607, -12.7812, 140.124, -127.646, -18.0268, 526.91, -229.07
0.608, -12.9087, 140.106, -127.119, -18.2542, 526.513, -227.437
0.609, -13.0355, 140.088, -126.593, -18.48, 526.095, -225.806
0.61, -13.1619, 140.069, -126.067, -18.7042, 525.654, -224.177
0.611, -13.2877, 140.05, -125.542, -18.9267, 525.192, -222.549
0.612, -13.413, 140.031, -125.017, -19.1476, 524.708, -220.924
0.613, -13.5378, 140.012, -124.493, -19.3669, 524.203, -219.3
0.614, -13.6621, 139.993, -123.97, -19.5846, 523.677, -217.679
0.615, -13.7858, 139.973, -123.446, -19.8007, 523.131, -216.059
0.616, -13.909, 139.953, -122.924, -20.0151, 522.563, -214.443
0.617, -14.0317, 139.933, -122.402, -20.228, 521.976, -212.828
0.618, -14.1539, 139.913, -121.88, -20.4392, 521.369, -211.216
0.619, -14.2755, 139.892, -121.36, -20.6488, 520.742, -209.606
0.62, -14.3966, 139.871, -120.84, -20.8568, 520.095, -207.999
0.621, -14.5172, 139.85, -120.32, -21.0632, 519.429, -206.394
0.622, -14.6373, 139.829, -119.801, -21.268, 518.744, -204.792
0.623, -14.7569, 139.808, -119.283, -21.4712, 518.04, -203.193
0.624, -14.8759, 139.786, -118.766, -21.6728, 517.317, -201.597
0.625, -14.9945, 139.764, -118.25, -21.8728, 516.576, -200.003
0.626, -15.1125, 139.742, -117.734, -22.0712, 515.817, -198.413
0.627, -15.23, 139.72, -117.219, -22.268, 515.04, -196.825
0.628, -15.347, 139.698, -116.704, -22.4632, 514.246, -195.24
0.629, -15.4634, 139.675, -116.191, -22.6569, 513.434, -193.659
0.63, -15.5794, 139.653, -115.678, -22.849, 512.605, -192.08
0.631, -15.6949, 139.63, -115.167, -23.0395, 511.759, -190.505
0.632, -15.8098, 139.607, -114.656, -23.2284, 510.896, -188.933
0.633, -15.9242, 139.583, -114.146, -23.4158, 510.017, -187.365
0.634, -16.0381, 139.56, -113.637, -23.6016, 509.121, -185.799
0.635, -16.1515, 139.536, -113.128, -23.7858, 508.21, -184.238
0.636, -16.2644, 139.512, -112.621, -23.9685, 507.282, -182.679
0.637, -16.3768, 139.488, -112.115, -24.1496, 506.34, -181.125
0.638, -16.4887, 139.464, -111.609, -24.3292, 505.382, -179.573
0.639, -16.6001, 139.44, -111.105, -24.5072, 504.409, -178.026
0.64, -16.711, 139.415, -110.602, -24.6837, 503.421, -176.482
0.641, -16.8213, 139.39, -110.099, -24.8586, 502.418, -174.942
0.642, -16.9312, 139.365, -109.598, -25.032, 501.401, -173.405
0.643, -17.0406, 139.34, -109.097, -25.2039, 500.37, -171.873
0.644, -17.1495, 139.315, -108.598, -25.3743, 499.325, -170.344
0.645, -17.2578, 139.289, -108.1, -25.5431, 498.267, -168.819
0.646, -17.3657, 139.264, -107.603, -25.7104, 497.195, -167.298
0.647, -17.4731, 139.238, -107.106, -25.8762, 496.11, -165.782
0.648, -17.58, 139.212, -106.611, -26.0404, 495.011, -164.269
0.649, -17.6863, 139.186, -106.118, -26.2032, 493.9, -162.76
0.65, -17.7922, 139.16, -105.625, -26.3644, 492.777, -161.255
0.651, -17.8976, 139.133, -105.133, -26.5242, 491.641, -159.755
0.652, -18.0026, 139.107, -104.643, -26.6825, 490.493, -158.258
0.653, -18.107, 139.08, -104.153, -26.8392, 489.333, -156.766
0.654, -18.2109, 139.053, -103.665, -26.9945, 488.162, -155.278
0.655, -18.3144, 139.026, -103.178, -27.1483, 486.979, -153.795
0.656, -18.4173, 138.999, -102.692, -27.3006, 485.785, -152.316
0.657, -18.5198, 138.971, -102.208, -27.4515, 484.58, -150.841
0.658, -18.6218, 138.944, -101.724, -27.6008, 483.364, -149.37
0.659, -18.7233, 138.916, -101.242, -27.7487, 482.137, -147.904
0.66, -18.8243, 138.888, -100.761, -27.8952, 480.9, -146.443
0.661, -18.9248, 138.86, -100.282, -28.0402, 479.653, -144.986
0.662, -19.0249, 138.832, -99.8034, -28.1837, 478.396, -143.533
0.663, -19.1245, 138.804, -99.3263, -28.3258, 477.129, -142.085
0.664, -19.2236, 138.776, -98.8504, -28.4664, 475.853, -140.642
0.665, -19.3222, 138.747, -98.3758, -28.6056, 474.567, -139.203
0.666, -19.4204, 138.718, -97.9026, -28.7434, 473.272, -137.769
0.667, -19.5181, 138.69, -97.4306, -28.8797, 471.969, -136.339
0.668, -19.6153, 138.661, -96.9599, -29.0146, 470.656, -134.914
0.669, -19.7121, 138.632, -96.4906, -29.1481, 469.335, -133.494
0.67, -19.8083, 138.602, -96.0226, -29.2802, 468.006, -132.078
0.671, -19.9041, 138.573, -95.5559, -29.4109, 466.668, -130.668
0.672, -19.9995, 138.544, -95.0906, -29.5401, 465.323, -129.262
0.673, -20.0944, 138.514, -94.6266, -29.668, 463.97, -127.861
0.674, -20.1888, 138.484, -94.164, -29.7945, 462.609, -126.464
0.675, -20.2827, 138.454, -93.7028, -29.9195, 461.241, -125.073
0.676, -20.3762, 138.424, -93.2429, -30.0432, 459.865, -123.686
0.677, -20.4693, 138.394, -92.7844, -30.1655, 458.483, -122.304
0.678, -20.5618, 138.364, -92.3273, -30.2865, 457.094, -120.927
0.679, -20.654, 138.334, -91.8716, -30.406, 455.698, -119.555
0.68, -20.7456, 138.303, -91.4173, -30.5242, 454.296, -118.188
0.681, -20.8368, 138.273, -90.9645, -30.641, 452.887, -116.826
0.682, -20.9276, 138.242, -90.513, -30.7565, 451.473, -115.469
0.683, -21.0179, 138.211, -90.0629, -30.8706, 450.052, -114.117
0.684, -21.1078, 138.18, -89.6143, -30.9834, 448.626, -112.769
0.685, -21.1972, 138.149, -89.1671, -31.0948, 447.194, -111.427
0.686, -21.2861, 138.118, -88.7214, -31.2049, 445.756, -110.09
0.687, -21.3747, 138.087, -88.277, -31.3137, 444.314, -108.757
0.688, -21.4627, 138.056, -87.8342, -31.4211, 442.866, -107.43
0.689, -21.5504, 138.024, -87.3928, -31.5272, 441.414, -106.108
0.69, -21.6376, 137.993, -86.9528, -31.632, 439.956, -104.791
0.691, -21.7243, 137.961, -86.5143, -31.7355, 438.494, -103.479
0.692, -21.8106, 137.929, -86.0773, -31.8376, 437.028, -102.172
0.693, -21.8965, 137.897, -85.6417, -31.9385, 435.558, -100.87
0.694, -21.982, 137.865, -85.2076, -32.0381, 434.083, -99.5726
0.695, -22.067, 137.833, -84.775, -32.1364, 432.604, -98.2808
0.696, -22.1515, 137.801, -84.3439, -32.2334, 431.122, -96.994
0.697, -22.2357, 137.769, -83.9143, -32.3291, 429.636, -95.7123
0.698, -22.3194, 137.736, -83.4861, -32.4235, 428.146, -94.4358
0.699, -22.4027, 137.704, -83.0595, -32.5167, 426.653, -93.1644
0.7, -22.4856, 137.671, -82.6343, -32.6086, 425.157, -91.898
0.701, -22.568, 137.639, -82.2107, -32.6992, 423.658, -90.6368
0.702, -22.65, 137.606, -81.7885, -32.7886, 422.156, -89.3807
0.703, -22.7316, 137.573, -81.3679, -32.8767, 420.651, -88.1297
0.704, -22.8128, 137.54, -80.9487, -32.9636, 419.143, -86.8839
0.705, -22.8936, 137.507, -80.5311, -33.0492, 417.633, -85.6432
0.706, -22.9739, 137.474, -80.115, -33.1336, 416.121, -84.4076
0.707, -23.0538, 137.441, -79.7004, -33.2168, 414.606, -83.1771
0.708, -23.1334, 137.408, -79.2873, -33.2988, 413.089, -81.9518
0.709, -23.2125, 137.374, -78.8757, -33.3795, 411.571, -80.7316
0.71, -23.2911, 137.341, -78.4657, -33.459, 410.05, -79.5165
0.711, -23.3694, 137.307, -78.0571, -33.5373, 408.528, -78.3065
0.712, -23.4473, 137.274, -77.6501, -33.6144, 407.004, -77.1017
0.713, -23.5248, 137.24, -77.2446, -33.6903, 405.479, -75.902
0.714, -23.6018, 137.207, -76.8407, -33.765, 403.952, -74.7075
0.715, -23.6785, 137.173, -76.4383, -33.8386, 402.424, -73.518
0.716, -23.7547, 137.139, -76.0374, -33.9109, 400.895, -72.3337
0.717, -23.8306, 137.105, -75.638, -33.9821, 399.366, -71.1545
0.718, -23.906, 137.071, -75.2402, -34.052, 397.835, -69.9804
0.719, -23.9811, 137.037, -74.8439, -34.1208, 396.303, -68.8114
0.72, -24.0558, 137.003, -74.4491, -34.1885, 394.771, -67.6475
0.721, -24.13, 136.968, -74.0559, -34.255, 393.239, -66.4887
0.722, -24.2039, 136.934, -73.6641, -34.3203, 391.706, -65.335
0.723, -24.2774, 136.9, -73.274, -34.3845, 390.172, -64.1864
0.724, -24.3505, 136.865, -72.8853, -34.4475, 388.639, -63.0429
0.725, -24.4232, 136.831, -72.4982, -34.5094, 387.105, -61.9044
0.726, -24.4955, 136.796, -72.1127, -34.5702, 385.572, -60.771
0.727, -24.5675, 136.762, -71.7286, -34.6299, 384.038, -59.6427
0.728, -24.639, 136.727, -71.3461, -34.6884, 382.505, -58.5195
0.729, -24.7102, 136.692, -70.9651, -34.7458, 380.972, -57.4012
0.73, -24.781, 136.658, -70.5857, -34.8021, 379.439, -56.2881
0.731, -24.8514, 136.623, -70.2078, -34.8572, 377.907, -55.1799
0.732, -24.9215, 136.588, -69.8314, -34.9113, 376.376, -54.0768
0.733, -24.9911, 136.553, -69.4566, -34.9643, 374.845, -52.9788
0.734, -25.0604, 136.518, -69.0833, -35.0162, 373.315, -51.8857
0.735, -25.1293, 136.483, -68.7115, -35.067, 371.787, -50.7976
0.736, -25.1979, 136.448, -68.3412, -35.1167, 370.258, -49.7145
0.737, -25.266, 136.413, -67.9725, -35.1653, 368.732, -48.6364
0.738, -25.3338, 136.378, -67.6053, -35.2129, 367.206, -47.5632
0.739, -25.4013, 136.342, -67.2396, -35.2594, 365.681, -46.4951
0.74, -25.4684, 136.307, -66.8754, -35.3048, 364.158, -45.4318
0.741, -25.5351, 136.272, -66.5128, -35.3492, 362.636, -44.3735
0.742, -25.6014, 136.236, -66.1517, -35.3925, 361.116, -43.3202
0.743, -25.6674, 136.201, -65.7921, -35.4348, 359.597, -42.2717
0.744, -25.733, 136.166, -65.434, -35.476, 358.08, -41.2282
0.745, -25.7983, 136.13, -65.0774, -35.5162, 356.564, -40.1896
0.746, -25.8632, 136.095, -64.7224, -35.5554, 355.051, -39.1558
0.747, -25.9278, 136.059, -64.3689, -35.5935, 353.539, -38.1269
0.748, -25.992, 136.023, -64.0168, -35.6306, 352.029, -37.1029
0.749, -26.0558, 135.988, -63.6663, -35.6667, 350.521, -36.0837
0.75, -26.1194, 135.952, -63.3173, -35.7018, 349.015, -35.0694
0.751, -26.1825, 135.916, -62.9698, -35.7358, 347.512, -34.0598
0.752, -26.2453, 135.881, -62.6238, -35.7689, 346.01, -33.0551
0.753, -26.3078, 135.845, -62.2793, -35.8009, 344.511, -32.0552
0.754, -26.3699, 135.809, -61.9362, -35.832, 343.015, -31.0601
0.755, -26.4317, 135.773, -61.5947, -35.8621, 341.52, -30.0697
0.756, -26.4931, 135.737, -61.2547, -35.8911, 340.028, -29.0841
0.757, -26.5542, 135.701, -60.9162, -35.9192, 338.539, -28.1032
0.758, -26.615, 135.666, -60.5791, -35.9464, 337.052, -27.1271
0.759, -26.6754, 135.63, -60.2435, -35.9725, 335.568, -26.1556
0.76, -26.7355, 135.594, -59.9095, -35.9977, 334.087, -25.1889
0.761, -26.7953, 135.558, -59.5768, -36.0219, 332.608, -24.2269
0.762, -26.8547, 135.522, -59.2457, -36.0452, 331.132, -23.2695
0.763, -26.9138, 135.486, -58.9161, -36.0675, 329.66, -22.3168
0.764, -26.9726, 135.449, -58.5879, -36.0889, 328.19, -21.3687
0.765, -27.031, 135.413, -58.2611, -36.1093, 326.723, -20.4253
0.766, -27.0891, 135.377, -57.9359, -36.1288, 325.259, -19.4864
0.767, -27.1469, 135.341, -57.6121, -36.1474, 323.798, -18.5522
0.768, -27.2044, 135.305, -57.2897, -36.165, 322.34, -17.6226
0.769, -27.2615, 135.269, -56.9689, -36.1817, 320.886, -16.6975
0.77, -27.3184, 135.233, -56.6494, -36.1975, 319.435, -15.777
0.771, -27.3749, 135.196, -56.3314, -36.2123, 317.987, -14.861
0.772, -27.431, 135.16, -56.0149, -36.2263, 316.542, -13.9495
0.773, -27.4869, 135.124, -55.6998, -36.2393, 315.101, -13.0425
0.774, -27.5425, 135.088, -55.3861, -36.2514, 313.663, -12.14
0.775, -27.5977, 135.051, -55.0739, -36.2627, 312.229, -11.242
0.776, -27.6527, 135.015, -54.7631, -36.273, 310.798, -10.3485
0.777, -27.7073, 134.979, -54.4537, -36.2825, 309.371, -9.45939
0.778, -27.7616, 134.943, -54.1458, -36.2911, 307.947, -8.57471
0.779, -27.8156, 134.906, -53.8393, -36.2988, 306.527, -7.69444
0.78, -27.8693, 134.87, -53.5341, -36.3056, 305.111, -6.81857
0.781, -27.9227, 134.834, -53.2304, -36.3115, 303.698, -5.94707
0.782, -27.9758, 134.797, -52.9282, -36.3166, 302.289, -5.07994
0.783, -28.0286, 134.761, -52.6273, -36.3208, 300.884, -4.21715
0.784, -28.0811, 134.725, -52.3278, -36.3242, 299.482, -3.35869
0.785, -28.1333, 134.689, -52.0297, -36.3267, 298.085, -2.50454
0.786, -28.1852, 134.652, -51.733, -36.3283, 296.691, -1.65468
0.787, -28.2368, 134.616, -51.4377, -36.3292, 295.301, -0.809107
0.788, -28.2881, 134.58, -51.1438, -36.3291, 293.915, 0.032206
0.789, -28.3391, 134.543, -50.8513, -36.3283, 292.533, 0.869273
0.79, -28.3898, 134.507, -50.5601, -36.3266, 291.156, 1.70211
0.791, -28.4402, 134.471, -50.2703, -36.324, 289.782, 2.53074
0.792, -28.4904, 134.434, -49.9819, -36.3207, 288.412, 3.35517
0.793, -28.5402, 134.398, -49.6949, -36.3165, 287.046, 4.17542
0.794, -28.5898, 134.362, -49.4092, -36.3115, 285.685, 4.99151
0.795, -28.6391, 134.325, -49.1249, -36.3057, 284.327, 5.80345
0.796, -28.6881, 134.289, -48.8419, -36.2991, 282.974, 6.61127
0.797, -28.7368, 134.253, -48.5603, -36.2917, 281.625, 7.41497
0.798, -28.7852, 134.216, -48.28, -36.2835, 280.28, 8.21458
0.799, -28.8334, 134.18, -48.001, -36.2744, 278.939, 9.01011
0.8, -28.8812, 134.144, -47.7234, -36.2646, 277.603, 9.80158
0.801, -28.9288, 134.108, -47.4472, -36.2541, 276.27, 10.589
0.802, -28.9762, 134.071, -47.1722, -36.2427, 274.943, 11.3724
0.803, -29.0232, 134.035, -46.8986, -36.2305, 273.619, 12.1518
0.804, -29.07, 133.999, -46.6263, -36.2176, 272.3, 12.9272
0.805, -29.1165, 133.963, -46.3553, -36.2039, 270.985, 13.6986
0.806, -29.1627, 133.927, -46.0856, -36.1894, 269.674, 14.4661
0.807, -29.2087, 133.89, -45.8173, -36.1742, 268.368, 15.2296
0.808, -29.2544, 133.854, -45.5502, -36.1582, 267.067, 15.9892
0.809, -29.2998, 133.818, -45.2844, -36.1415, 265.769, 16.7449
0.81, -29.345, 133.782, -45.02, -36.124, 264.477, 17.4967
0.811, -29.3899, 133.746, -44.7568, -36.1057, 263.188, 18.2446
0.812, -29.4345, 133.71, -44.4949, -36.0867, 261.904, 18.9886
0.813, -29.4789, 133.674, -44.2342, -36.067, 260.625, 19.7289
0.814, -29.523, 133.638, -43.9749, -36.0465, 259.35, 20.4653
0.815, -29.5669, 133.602, -43.7168, -36.0254, 258.079, 21.1978
0.816, -29.6105, 133.566, -43.46, -36.0034, 256.814, 21.9266
0.817, -29.6538, 133.53, -43.2045, -35.9808, 255.552, 22.6517
0.818, -29.6969, 133.494, -42.9502, -35.9574, 254.295, 23.3729
0.819, -29.7397, 133.458, -42.6971, -35.9333, 253.043, 24.0905
0.82, -29.7823, 133.422, -42.4453, -35.9085, 251.795, 24.8043
0.821, -29.8247, 133.386, -42.1948, -35.883, 250.552, 25.5144
0.822, -29.8667, 133.35, -41.9455, -35.8568, 249.314, 26.2208
0.823, -29.9086, 133.314, -41.6974, -35.8298, 248.08, 26.9235
0.824, -29.9502, 133.278, -41.4505, -35.8022, 246.851, 27.6226
0.825, -29.9915, 133.243, -41.2049, -35.7739, 245.626, 28.318
0.826, -30.0326, 133.207, -40.9605, -35.7449, 244.406, 29.0098
0.827, -30.0734, 133.171, -40.7173, -35.7152, 243.19, 29.698
0.828, -30.1141, 133.135, -40.4753, -35.6848, 241.979, 30.3826
0.829, -30.1544, 133.1, -40.2345, -35.6538, 240.773, 31.0637
0.83, -30.1945, 133.064, -39.995, -35.622, 239.572, 31.7411
0.831, -30.2344, 133.029, -39.7566, -35.5896, 238.375, 32.4151
0.832, -30.2741, 132.993, -39.5194, -35.5565, 237.183, 33.0855
0.833, -30.3135, 132.957, -39.2834, -35.5228, 235.995, 33.7524
0.834, -30.3527, 132.922, -39.0486, -35.4883, 234.812, 34.4158
0.835, -30.3916, 132.886, -38.815, -35.4533, 233.634, 35.0758
0.836, -30.4303, 132.851, -38.5825, -35.4175, 232.46, 35.7322
0.837, -30.4688, 132.816, -38.3512, -35.3811, 231.292, 36.3853
0.838, -30.5071, 132.78, -38.1211, -35.3441, 230.127, 37.0349
0.839, -30.5451, 132.745, -37.8921, -35.3064, 228.968, 37.681
0.84, -30.5829, 132.71, -37.6643, -35.2681, 227.813, 38.3238
0.841, -30.6204, 132.674, -37.4377, -35.2291, 226.663, 38.9632
0.842, -30.6578, 132.639, -37.2121, -35.1895, 225.518, 39.5993
0.843, -30.6949, 132.604, -36.9878, -35.1493, 224.377, 40.232
0.844, -30.7318, 132.569, -36.7645, -35.1085, 223.241, 40.8614
0.845, -30.7684, 132.534, -36.5424, -35.067, 222.109, 41.4874
0.846, -30.8049, 132.499, -36.3214, -35.0249, 220.983, 42.1101
0.847, -30.8411, 132.464, -36.1016, -34.9821, 219.861, 42.7296
0.848, -30.8771, 132.429, -35.8828, -34.9388, 218.743, 43.3458
0.849, -30.9129, 132.394, -35.6652, -34.8948, 217.631, 43.9587
0.85, -30.9484, 132.359, -35.4487, -34.8503, 216.523, 44.5684
0.851, -30.9838, 132.324, -35.2333, -34.8051, 215.42, 45.1749
0.852, -31.0189, 132.289, -35.0189, -34.7593, 214.321, 45.7781
0.853, -31.0539, 132.255, -34.8057, -34.7129, 213.227, 46.3782
0.854, -31.0886, 132.22, -34.5936, -34.6659, 212.138, 46.9751
0.855, -31.1231, 132.185, -34.3825, -34.6184, 211.053, 47.5688
0.856, -31.1574, 132.151, -34.1725, -34.5702, 209.974, 48.1594
0.857, -31.1914, 132.116, -33.9636, -34.5215, 208.898, 48.7468
0.858, -31.2253, 132.082, -33.7558, -34.4721, 207.828, 49.3311
0.859, -31.259, 132.047, -33.549, -34.4222, 206.762, 49.9123
0.86, -31.2924, 132.013, -33.3433, -34.3717, 205.701, 50.4905
0.861, -31.3257, 131.979, -33.1387, -34.3207, 204.644, 51.0655
0.862, -31.3587, 131.944, -32.9351, -34.269, 203.593, 51.6375
0.863, -31.3916, 131.91, -32.7326, -34.2168, 202.545, 52.2064
0.864, -31.4242, 131.876, -32.5311, -34.1641, 201.503, 52.7723
0.865, -31.4566, 131.842, -32.3306, -34.1107, 200.465, 53.3352
0.866, -31.4889, 131.808, -32.1312, -34.0568, 199.432, 53.8951
0.867, -31.5209, 131.774, -31.9328, -34.0024, 198.403, 54.452
0.868, -31.5528, 131.74, -31.7354, -33.9474, 197.379, 55.006
0.869, -31.5844, 131.706, -31.539, -33.8918, 196.359, 55.5569
0.87, -31.6159, 131.672, -31.3437, -33.8357, 195.345, 56.105
0.871, -31.6471, 131.638, -31.1493, -33.7791, 194.334, 56.65
0.872, -31.6782, 131.604, -30.956, -33.7219, 193.329, 57.1922
0.873, -31.7091, 131.571, -30.7637, -33.6641, 192.328, 57.7315
0.874, -31.7397, 131.537, -30.5724, -33.6059, 191.331, 58.2679
0.875, -31.7702, 131.503, -30.382, -33.5471, 190.339, 58.8014
0.876, -31.8005, 131.47, -30.1927, -33.4877, 189.352, 59.332
0.877, -31.8306, 131.437, -30.0043, -33.4279, 188.369, 59.8598
0.878, -31.8606, 131.403, -29.8169, -33.3675, 187.391, 60.3848
0.879, -31.8903, 131.37, -29.6305, -33.3066, 186.418, 60.9069
0.88, -31.9198, 131.337, -29.445, -33.2452, 185.449, 61.4263
0.881, -31.9492, 131.303, -29.2606, -33.1832, 184.484, 61.9428
0.882, -31.9784, 131.27, -29.077, -33.1208, 183.524, 62.4565
0.883, -32.0074, 131.237, -28.8945, -33.0578, 182.569, 62.9675
0.884, -32.0362, 131.204, -28.7128, -32.9943, 181.618, 63.4758
0.885, -32.0648, 131.171, -28.5322, -32.9303, 180.671, 63.9813
0.886, -32.0933, 131.138, -28.3524, -32.8658, 179.729, 64.484
0.887, -32.1215, 131.105, -28.1737, -32.8009, 178.792, 64.9841
0.888, -32.1496, 131.073, -27.9958, -32.7354, 177.859, 65.4814
0.889, -32.1775, 131.04, -27.8189, -32.6694, 176.93, 65.976
0.89, -32.2053, 131.007, -27.6429, -32.6029, 176.006, 66.468
0.891, -32.2328, 130.975, -27.4678, -32.536, 175.086, 66.9573
0.892, -32.2602, 130.942, -27.2936, -32.4685, 174.171, 67.444
0.893, -32.2875, 130.91, -27.1203, -32.4006, 173.26, 67.928
0.894, -32.3145, 130.877, -26.948, -32.3322, 172.354, 68.4094
0.895, -32.3414, 130.845, -26.7765, -32.2633, 171.452, 68.8881
0.896, -32.3681, 130.813, -26.606, -32.1939, 170.554, 69.3643
0.897, -32.3946, 130.781, -26.4363, -32.1241, 169.661, 69.8379
0.898, -32.421, 130.749, -26.2675, -32.0538, 168.772, 70.3089
0.899, -32.4472, 130.717, -26.0997, -31.983, 167.888, 70.7773
0.9, -32.4732, 130.685, -25.9327, -31.9118, 167.008, 71.2432
0.901, -32.499, 130.653, -25.7665, -31.8401, 166.132, 71.7065
0.902, -32.5247, 130.621, -25.6013, -31.7679, 165.261, 72.1673
0.903, -32.5503, 130.589, -25.4369, -31.6953, 164.394, 72.6256
0.904, -32.5756, 130.558, -25.2733, -31.6222, 163.531, 73.0814
0.905, -32.6008, 130.526, -25.1107, -31.5487, 162.673, 73.5347
0.906, -32.6259, 130.495, -24.9488, -31.4747, 161.819, 73.9855
0.907, -32.6507, 130.463, -24.7879, -31.4002, 160.969, 74.4338
0.908, -32.6755, 130.432, -24.6278, -31.3254, 160.124, 74.8796
0.909, -32.7, 130.4, -24.4685, -31.25, 159.282, 75.3231
0.91, -32.7244, 130.369, -24.31, -31.1743, 158.445, 75.764
0.911, -32.7486, 130.338, -24.1524, -31.0981, 157.613, 76.2026
0.912, -32.7727, 130.307, -23.9956, -31.0214, 156.784, 76.6387
0.913, -32.7967, 130.276, -23.8397, -30.9444, 155.96, 77.0724
0.914, -32.8204, 130.245, -23.6845, -30.8669, 155.14, 77.5037
0.915, -32.844, 130.214, -23.5302, -30.7889, 154.324, 77.9327
0.916, -32.8675, 130.184, -23.3767, -30.7106, 153.512, 78.3593
0.917, -32.8908, 130.153, -23.224, -30.6318, 152.705, 78.7835
0.918, -32.914, 130.122, -23.0721, -30.5526, 151.902, 79.2053
0.919, -32.937, 130.092, -22.921, -30.473, 151.103, 79.6248
0.92, -32.9598, 130.061, -22.7707, -30.3929, 150.308, 80.042
0.921, -32.9825, 130.031, -22.6212, -30.3125, 149.517, 80.4569
0.922, -33.0051, 130.001, -22.4724, -30.2316, 148.73, 80.8695
0.923, -33.0275, 129.971, -22.3245, -30.1503, 147.948, 81.2797
0.924, -33.0497, 129.941, -22.1773, -30.0686, 147.169, 81.6877
0.925, -33.0719, 129.911, -22.0309, -29.9865, 146.395, 82.0934
0.926, -33.0938, 129.881, -21.8853, -29.904, 145.625, 82.4968
0.927, -33.1156, 129.851, -21.7404, -29.8211, 144.858, 82.898
0.928, -33.1373, 129.821, -21.5963, -29.7378, 144.096, 83.2969
0.929, -33.1589, 129.791, -21.453, -29.6541, 143.338, 83.6936
0.93, -33.1802, 129.762, -21.3104, -29.5701, 142.584, 84.088
0.931, -33.2015, 129.732, -21.1686, -29.4856, 141.834, 84.4803
0.932, -33.2226, 129.703, -21.0275, -29.4007, 141.088, 84.8703
0.933, -33.2436, 129.673, -20.8871, -29.3154, 140.346, 85.2581
0.934, -33.2644, 129.644, -20.7475, -29.2298, 139.608, 85.6437
0.935, -33.2851, 129.615, -20.6087, -29.1438, 138.874, 86.0272
0.936, -33.3056, 129.586, -20.4705, -29.0574, 138.144, 86.4085
0.937, -33.326, 129.557, -20.3331, -28.9706, 137.418, 86.7876
0.938, -33.3463, 129.528, -20.1964, -28.8834, 136.696, 87.1646
0.939, -33.3664, 129.499, -20.0604, -28.7959, 135.978, 87.5394
0.94, -33.3864, 129.47, -19.9252, -28.708, 135.263, 87.9121
0.941, -33.4063, 129.442, -19.7906, -28.6197, 134.553, 88.2827
0.942, -33.426, 129.413, -19.6568, -28.531, 133.846, 88.6511
0.943, -33.4456, 129.385, -19.5236, -28.442, 133.144, 89.0175
0.944, -33.4651, 129.356, -19.3912, -28.3526, 132.445, 89.3818
0.945, -33.4844, 129.328, -19.2594, -28.2629, 131.75, 89.7439
0.946, -33.5036, 129.3, -19.1284, -28.1728, 131.059, 90.104
0.947, -33.5227, 129.271, -18.998, -28.0823, 130.372, 90.462
0.948, -33.5416, 129.243, -18.8683, -27.9915, 129.689, 90.818
0.949, -33.5604, 129.216, -18.7393, -27.9003, 129.01, 91.1719
0.95, -33.5791, 129.188, -18.611, -27.8088, 128.334, 91.5237
0.951, -33.5977, 129.16, -18.4833, -27.7169, 127.662, 91.8736
0.952, -33.6161, 129.132, -18.3563, -27.6247, 126.994, 92.2214
0.953, -33.6344, 129.105, -18.23, -27.5321, 126.33, 92.5671
0.954, -33.6526, 129.077, -18.1043, -27.4392, 125.669, 92.9109
0.955, -33.6706, 129.05, -17.9793, -27.346, 125.012, 93.2526
0.956, -33.6886, 129.022, -17.8549, -27.2524, 124.359, 93.5924
0.957, -33.7064, 128.995, -17.7312, -27.1585, 123.71, 93.9302
0.958, -33.724, 128.968, -17.6082, -27.0642, 123.065, 94.266
0.959, -33.7416, 128.941, -17.4857, -26.9696, 122.423, 94.5998
0.96, -33.759, 128.914, -17.364, -26.8747, 121.785, 94.9317
0.961, -33.7763, 128.887, -17.2428, -26.7794, 121.15, 95.2616
0.962, -33.7935, 128.861, -17.1223, -26.6838, 120.519, 95.5896
0.963, -33.8106, 128.834, -17.0024, -26.5879, 119.892, 95.9156
0.964, -33.8275, 128.808, -16.8831, -26.4916, 119.269, 96.2397
0.965, -33.8444, 128.781, -16.7645, -26.3951, 118.649, 96.5618
0.966, -33.8611, 128.755, -16.6464, -26.2982, 118.033, 96.8821
0.967, -33.8777, 128.728, -16.529, -26.201, 117.42, 97.2004
0.968, -33.8941, 128.702, -16.4122, -26.1035, 116.811, 97.5169
0.969, -33.9105, 128.676, -16.296, -26.0057, 116.206, 97.8314
0.97, -33.9267, 128.65, -16.1804, -25.9075, 115.604, 98.1441
0.971, -33.9429, 128.624, -16.0654, -25.8091, 115.006, 98.4549
0.972, -33.9589, 128.599, -15.951, -25.7103, 114.411, 98.7638
0.973, -33.9748, 128.573, -15.8372, -25.6112, 113.82, 99.0708
0.974, -33.9906, 128.547, -15.7239, -25.5118, 113.232, 99.376
0.975, -34.0062, 128.522, -15.6113, -25.4122, 112.648, 99.6794
0.976, -34.0218, 128.497, -15.4992, -25.3122, 112.068, 99.9808
0.977, -34.0373, 128.471, -15.3877, -25.2119, 111.491, 100.281
0.978, -34.0526, 128.446, -15.2768, -25.1113, 110.918, 100.578
0.979, -34.0678, 128.421, -15.1665, -25.0105, 110.348, 100.874
0.98, -34.0829, 128.396, -15.0567, -24.9093, 109.781, 101.169
0.981, -34.098, 128.371, -14.9475, -24.8078, 109.218, 101.461
0.982, -34.1128, 128.347, -14.8388, -24.7061, 108.658, 101.751
0.983, -34.1276, 128.322, -14.7307, -24.604, 108.102, 102.04
0.984, -34.1423, 128.297, -14.6231, -24.5017, 107.55, 102.327
0.985, -34.1569, 128.273, -14.5161, -24.3991, 107, 102.612
0.986, -34.1714, 128.249, -14.4097, -24.2962, 106.455, 102.896
0.987, -34.1857, 128.224, -14.3038, -24.193, 105.912, 103.178
0.988, -34.2, 128.2, -14.1984, -24.0896, 105.373, 103.457
0.989, -34.2141, 128.176, -14.0936, -23.9858, 104.837, 103.736
0.99, -34.2282, 128.152, -13.9893, -23.8818, 104.305, 104.012
0.991, -34.2421, 128.128, -13.8855, -23.7775, 103.776, 104.287
0.992, -34.256, 128.105, -13.7822, -23.673, 103.251, 104.559
0.993, -34.2697, 128.081, -13.6795, -23.5681, 102.729, 104.831
0.994, -34.2833, 128.058, -13.5773, -23.463, 102.21, 105.1
0.995, -34.2969, 128.034, -13.4756, -23.3577, 101.694, 105.368
0.996, -34.3103, 128.011, -13.3744, -23.252, 101.182, 105.634
0.997, -34.3236, 127.988, -13.2738, -23.1461, 100.673, 105.898
0.998, -34.3369, 127.965, -13.1736, -23.04, 100.167, 106.161
0.999, -34.35, 127.942, -13.0739, -22.9336, 99.6649, 106.422
1, -34.363, 127.919, -12.9748, -22.8269, 99.1659, 106.681
1.001, -34.3759, 127.896, -12.8761, -22.7199, 98.6701, 106.938
1.002, -34.3888, 127.873, -12.7779, -22.6127, 98.1775, 107.194
1.003, -34.4015, 127.851, -12.6802, -22.5053, 97.6882, 107.448
1.004, -34.4141, 127.828, -12.583, -22.3976, 97.2021, 107.701
1.005, -34.4267, 127.806, -12.4863, -22.2896, 96.7193, 107.952
1.006, -34.4391, 127.784, -12.3901, -22.1814, 96.2397, 108.201
1.007, -34.4515, 127.762, -12.2943, -22.073, 95.7632, 108.448
1.008, -34.4637, 127.74, -12.199, -21.9643, 95.29, 108.694
1.009, -34.4759, 127.718, -12.1042, -21.8554, 94.82, 108.938
1.01, -34.4879, 127.696, -12.0098, -21.7462, 94.3531, 109.181
1.011, -34.4999, 127.674, -11.9159, -21.6368, 93.8895, 109.422
1.012, -34.5118, 127.653, -11.8225, -21.5271, 93.429, 109.661
1.013, -34.5236, 127.631, -11.7295, -21.4172, 92.9716, 109.899
1.014, -34.5353, 127.61, -11.637, -21.3071, 92.5174, 110.135
1.015, -34.5469, 127.589, -11.545, -21.1967, 92.0663, 110.369
1.016, -34.5584, 127.567, -11.4533, -21.0861, 91.6183, 110.602
1.017, -34.5698, 127.546, -11.3622, -20.9753, 91.1735, 110.833
1.018, -34.5811, 127.525, -11.2714, -20.8642, 90.7317, 111.063
1.019, -34.5923, 127.505, -11.1811, -20.7529, 90.2931, 111.291
1.02, -34.6035, 127.484, -11.0913, -20.6414, 89.8575, 111.518
1.021, -34.6145, 127.463, -11.0019, -20.5296, 89.4251, 111.743
1.022, -34.6255, 127.443, -10.9129, -20.4177, 88.9957, 111.966
1.023, -34.6363, 127.423, -10.8243, -20.3055, 88.5693, 112.188
1.024, -34.6471, 127.402, -10.7361, -20.1931, 88.146, 112.408
1.025, -34.6578, 127.382, -10.6484, -20.0805, 87.7258, 112.626
1.026, -34.6684, 127.362, -10.5611, -19.9676, 87.3086, 112.843
1.027, -34.679, 127.342, -10.4742, -19.8546, 86.8944, 113.059
1.028, -34.6894, 127.322, -10.3877, -19.7413, 86.4833, 113.273
1.029, -34.6997, 127.303, -10.3017, -19.6278, 86.0751, 113.485
1.03, -34.71, 127.283, -10.216, -19.5141, 85.67, 113.696
1.031, -34.7202, 127.264, -10.1307, -19.4002, 85.2678, 113.905
1.032, -34.7303, 127.244, -10.0459, -19.2861, 84.8687, 114.113
1.033, -34.7403, 127.225, -9.96138, -19.1718, 84.4725, 114.319
1.034, -34.7502, 127.206, -9.8773, -19.0572, 84.0793, 114.524
1.035, -34.76, 127.187, -9.79361, -18.9425, 83.689, 114.727
1.036, -34.7698, 127.168, -9.71031, -18.8276, 83.3017, 114.929
1.037, -34.7795, 127.149, -9.62739, -18.7125, 82.9174, 115.129
1.038, -34.7891, 127.131, -9.54486, -18.5971, 82.536, 115.328
1.039, -34.7986, 127.112, -9.4627, -18.4816, 82.1575, 115.525
1.04, -34.808, 127.094, -9.38092, -18.3659, 81.782, 115.721
1.041, -34.8173, 127.075, -9.29951, -18.25, 81.4093, 115.915
1.042, -34.8266, 127.057, -9.21847, -18.1339, 81.0396, 116.108
1.043, -34.8358, 127.039, -9.13779, -18.0176, 80.6728, 116.299
1.044, -34.8449, 127.021, -9.05749, -17.9011, 80.3088, 116.488
1.045, -34.8539, 127.003, -8.97754, -17.7844, 79.9478, 116.677
1.046, -34.8629, 126.986, -8.89795, -17.6675, 79.5896, 116.863
1.047, -34.8717, 126.968, -8.81871, -17.5505, 79.2343, 117.049
1.048, -34.8805, 126.951, -8.73983, -17.4332, 78.8818, 117.232
1.049, -34.8892, 126.933, -8.6613, -17.3158, 78.5322, 117.415
1.05, -34.8978, 126.916, -8.58311, -17.1982, 78.1855, 117.596
1.051, -34.9064, 126.899, -8.50527, -17.0805, 77.8416, 117.775
1.052, -34.9148, 126.882, -8.42777, -16.9625, 77.5005, 117.953
1.053, -34.9232, 126.865, -8.35061, -16.8444, 77.1623, 118.129
1.054, -34.9316, 126.848, -8.27378, -16.7261, 76.8268, 118.305
1.055, -34.9398, 126.831, -8.19729, -16.6076, 76.4942, 118.478
1.056, -34.948, 126.815, -8.12113, -16.4889, 76.1644, 118.65
1.057, -34.956, 126.798, -8.04529, -16.3701, 75.8374, 118.821
1.058, -34.9641, 126.782, -7.96977, -16.2511, 75.5132, 118.99
1.059, -34.972, 126.766, -7.89458, -16.132, 75.1918, 119.158
1.06, -34.9799, 126.75, -7.81971, -16.0127, 74.8731, 119.325
1.061, -34.9876, 126.734, -7.74515, -15.8932, 74.5572, 119.49
1.062, -34.9953, 126.718, -7.67091, -15.7735, 74.2441, 119.653
1.063, -35.003, 126.702, -7.59697, -15.6537, 73.9337, 119.815
1.064, -35.0105, 126.687, -7.52335, -15.5337, 73.6261, 119.976
1.065, -35.018, 126.671, -7.45003, -15.4136, 73.3212, 120.135
1.066, -35.0255, 126.656, -7.37701, -15.2933, 73.0191, 120.293
1.067, -35.0328, 126.641, -7.30429, -15.1728, 72.7197, 120.45
1.068, -35.0401, 126.626, -7.23187, -15.0522, 72.423, 120.605
1.069, -35.0473, 126.611, -7.15974, -14.9315, 72.1291, 120.758
1.07, -35.0544, 126.596, -7.0879, -14.8106, 71.8378, 120.911
1.071, -35.0615, 126.581, -7.01635, -14.6895, 71.5493, 121.062
1.072, -35.0684, 126.566, -6.94509, -14.5683, 71.2635, 121.211
1.073, -35.0753, 126.552, -6.87411, -14.4469, 70.9804, 121.359
1.074, -35.0822, 126.538, -6.80341, -14.3254, 70.6999, 121.506
1.075, -35.089, 126.523, -6.73298, -14.2038, 70.4221, 121.651
1.076, -35.0957, 126.509, -6.66284, -14.082, 70.1471, 121.795
1.077, -35.1023, 126.495, -6.59296, -13.96, 69.8746, 121.938
1.078, -35.1089, 126.481, -6.52336, -13.838, 69.6049, 122.079
1.079, -35.1153, 126.467, -6.45402, -13.7157, 69.3378, 122.219
1.08, -35.1218, 126.454, -6.38495, -13.5934, 69.0734, 122.357
1.081, -35.1281, 126.44, -6.31613, -13.4709, 68.8116, 122.494
1.082, -35.1344, 126.427, -6.24758, -13.3483, 68.5524, 122.63
1.083, -35.1406, 126.414, -6.17929, -13.2255, 68.2959, 122.765
1.084, -35.1468, 126.4, -6.11124, -13.1026, 68.0421, 122.898
1.085, -35.1528, 126.387, -6.04345, -12.9796, 67.7908, 123.029
1.086, -35.1589, 126.374, -5.97591, -12.8564, 67.5422, 123.159
1.087, -35.1648, 126.362, -5.90861, -12.7331, 67.2962, 123.288
1.088, -35.1707, 126.349, -5.84156, -12.6097, 67.0528, 123.416
1.089, -35.1765, 126.336, -5.77475, -12.4862, 66.812, 123.542
1.09, -35.1822, 126.324, -5.70818, -12.3625, 66.5738, 123.667
1.091, -35.1879, 126.312, -5.64184, -12.2387, 66.3382, 123.791
1.092, -35.1935, 126.3, -5.57573, -12.1148, 66.1052, 123.913
1.093, -35.1991, 126.287, -5.50986, -11.9908, 65.8748, 124.034
1.094, -35.2046, 126.276, -5.44421, -11.8666, 65.647, 124.153
1.095, -35.21, 126.264, -5.37879, -11.7423, 65.4217, 124.271
1.096, -35.2153, 126.252, -5.31359, -11.618, 65.199, 124.388
1.097, -35.2206, 126.241, -5.24861, -11.4934, 64.9789, 124.504
1.098, -35.2258, 126.229, -5.18385, -11.3688, 64.7613, 124.618
1.099, -35.231, 126.218, -5.1193, -11.2441, 64.5463, 124.731
1.1, -35.2361, 126.207, -5.05497, -11.1193, 64.3339, 124.842
1.101, -35.2411, 126.196, -4.99085, -10.9943, 64.124, 124.952
1.102, -35.246, 126.185, -4.92693, -10.8692, 63.9166, 125.061
1.103, -35.2509, 126.174, -4.86322, -10.7441, 63.7118, 125.169
1.104, -35.2558, 126.163, -4.79971, -10.6188, 63.5095, 125.275
1.105, -35.2605, 126.153, -4.7364, -10.4934, 63.3098, 125.38
1.106, -35.2653, 126.142, -4.67329, -10.3679, 63.1125, 125.483
1.107, -35.2699, 126.132, -4.61037, -10.2424, 62.9178, 125.586
1.108, -35.2745, 126.122, -4.54764, -10.1167, 62.7256, 125.687
1.109, -35.279, 126.112, -4.48511, -9.99088, 62.536, 125.786
1.11, -35.2835, 126.102, -4.42276, -9.865, 62.3488, 125.885
1.111, -35.2878, 126.092, -4.36059, -9.73901, 62.1641, 125.982
1.112, -35.2922, 126.082, -4.29861, -9.61294, 61.982, 126.077
1.113, -35.2964, 126.073, -4.23681, -9.48676, 61.8023, 126.172
1.114, -35.3007, 126.063, -4.17518, -9.3605, 61.6252, 126.265
1.115, -35.3048, 126.054, -4.11373, -9.23414, 61.4505, 126.357
1.116, -35.3089, 126.045, -4.05245, -9.1077, 61.2783, 126.447
1.117, -35.3129, 126.036, -3.99135, -8.98116, 61.1086, 126.537
1.118, -35.3169, 126.027, -3.9304, -8.85453, 60.9414, 126.625
1.119, -35.3208, 126.018, -3.86963, -8.72782, 60.7766, 126.711
1.12, -35.3246, 126.009, -3.80901, -8.60103, 60.6144, 126.797
1.121, -35.3284, 126.001, -3.74856, -8.47415, 60.4545, 126.881
1.122, -35.3321, 125.992, -3.68826, -8.34718, 60.2972, 126.963
1.123, -35.3358, 125.984, -3.62812, -8.22014, 60.1423, 127.045
1.124, -35.3394, 125.976, -3.56813, -8.09301, 59.9899, 127.125
1.125, -35.3429, 125.968, -3.50829, -7.96581, 59.8399, 127.204
1.126, -35.3464, 125.96, -3.4486, -7.83853, 59.6924, 127.282
1.127, -35.3498, 125.952, -3.38905, -7.71117, 59.5473, 127.358
1.128, -35.3532, 125.945, -3.32965, -7.58373, 59.4047, 127.433
1.129, -35.3565, 125.937, -3.27038, -7.45623, 59.2646, 127.507
1.13, -35.3597, 125.93, -3.21125, -7.32865, 59.1268, 127.58
1.131, -35.3629, 125.922, -3.15226, -7.201, 58.9915, 127.651
1.132, -35.366, 125.915, -3.0934, -7.07328, 58.8586, 127.721
1.133, -35.3691, 125.908, -3.03468, -6.94549, 58.7282, 127.789
1.134, -35.3721, 125.901, -2.97608, -6.81763, 58.6002, 127.857
1.135, -35.375, 125.895, -2.9176, -6.68971, 58.4746, 127.923
1.136, -35.3779, 125.888, -2.85925, -6.56172, 58.3515, 127.988
1.137, -35.3808, 125.882, -2.80102, -6.43367, 58.2307, 128.051
1.138, -35.3835, 125.875, -2.74291, -6.30555, 58.1124, 128.114
1.139, -35.3863, 125.869, -2.68491, -6.17738, 57.9965, 128.175
1.14, -35.3889, 125.863, -2.62703, -6.04914, 57.883, 128.235
1.141, -35.3915, 125.857, -2.56925, -5.92085, 57.7719, 128.293
1.142, -35.3941, 125.851, -2.51159, -5.7925, 57.6633, 128.351
1.143, -35.3965, 125.845, -2.45403, -5.66409, 57.557, 128.407
1.144, -35.399, 125.84, -2.39658, -5.53563, 57.4531, 128.461
1.145, -35.4013, 125.834, -2.33923, -5.40712, 57.3517, 128.515
1.146, -35.4036, 125.829, -2.28198, -5.27855, 57.2526, 128.567
1.147, -35.4059, 125.824, -2.22482, -5.14993, 57.1559, 128.618
1.148, -35.4081, 125.819, -2.16776, -5.02127, 57.0617, 128.668
1.149, -35.4102, 125.814, -2.11079, -4.89255, 56.9698, 128.716
1.15, -35.4123, 125.809, -2.05391, -4.76379, 56.8803, 128.763
1.151, -35.4143, 125.804, -1.99712, -4.63498, 56.7932, 128.809
1.152, -35.4163, 125.799, -1.94041, -4.50612, 56.7085, 128.854
1.153, -35.4182, 125.795, -1.88378, -4.37723, 56.6261, 128.897
1.154, -35.4201, 125.791, -1.82724, -4.24829, 56.5462, 128.94
1.155, -35.4219, 125.787, -1.77077, -4.11931, 56.4686, 128.98
1.156, -35.4236, 125.782, -1.71437, -3.99029, 56.3935, 129.02
1.157, -35.4253, 125.779, -1.65805, -3.86123, 56.3207, 129.059
1.158, -35.4269, 125.775, -1.6018, -3.73213, 56.2502, 129.096
1.159, -35.4285, 125.771, -1.54562, -3.603, 56.1822, 129.132
1.16, -35.43, 125.768, -1.4895, -3.47383, 56.1165, 129.166
1.161, -35.4315, 125.764, -1.43345, -3.34463, 56.0532, 129.2
1.162, -35.4329, 125.761, -1.37746, -3.2154, 55.9922, 129.232
1.163, -35.4343, 125.758, -1.32152, -3.08614, 55.9337, 129.263
1.164, -35.4356, 125.755, -1.26565, -2.95685, 55.8775, 129.292
1.165, -35.4368, 125.752, -1.20982, -2.82753, 55.8237, 129.321
1.166, -35.438, 125.749, -1.15405, -2.69818, 55.7722, 129.348
1.167, -35.4391, 125.746, -1.09833, -2.5688, 55.7231, 129.374
1.168, -35.4402, 125.744, -1.04265, -2.43941, 55.6764, 129.398
1.169, -35.4412, 125.742, -0.98702, -2.30998, 55.632, 129.422
1.17, -35.4421, 125.739, -0.93143, -2.18054, 55.59, 129.444
1.171, -35.4431, 125.737, -0.875879, -2.05107, 55.5503, 129.465
1.172, -35.4439, 125.735, -0.820366, -1.92159, 55.513, 129.485
1.173, -35.4447, 125.733, -0.764888, -1.79209, 55.4781, 129.503
1.174, -35.4454, 125.732, -0.709443, -1.66257, 55.4455, 129.52
1.175, -35.4461, 125.73, -0.654027, -1.53303, 55.4153, 129.536
1.176, -35.4467, 125.729, -0.59864, -1.40348, 55.3875, 129.551
1.177, -35.4473, 125.727, -0.543278, -1.27392, 55.362, 129.564
1.178, -35.4478, 125.726, -0.487939, -1.14434, 55.3388, 129.577
1.179, -35.4483, 125.725, -0.432621, -1.01475, 55.3181, 129.588
1.18, -35.4487, 125.724, -0.377321, -0.885153, 55.2996, 129.597
1.181, -35.449, 125.723, -0.322038, -0.755548, 55.2836, 129.606
1.182, -35.4493, 125.722, -0.266768, -0.625934, 55.2698, 129.613
1.183, -35.4496, 125.722, -0.211509, -0.496315, 55.2585, 129.619
1.184, -35.4498, 125.721, -0.15626, -0.366691, 55.2495, 129.624
1.185, -35.4499, 125.721, -0.101017, -0.237064, 55.2428, 129.627
1.186, -35.45, 125.721, -0.0457786, -0.107434, 55.2385, 129.63
